subID,time,method,channel,ints,slope
a01,A,lmer,frontal,1.337225142,-0.821092472
a01,A,lmer,central,3.324099975,-1.538292109
a01,A,lmer,parietal,3.643900117,-1.638301933
a01,A,lmer,occipital,3.354472698,-1.498977172
a01,A,fooof,frontal,0.47072719,0.76405637
a01,A,fooof,central,1.27576043,1.49954333
a01,A,fooof,parietal,1.44249033,1.67124622
a01,A,fooof,occipital,1.38967979,1.61432038
a01,B,lmer,frontal,1.614962641,-0.797355785
a01,B,lmer,central,3.438701789,-1.455866557
a01,B,lmer,parietal,3.68799996,-1.577958406
a01,B,lmer,occipital,3.507757425,-1.513384834
a01,B,fooof,frontal,0.689298606,0.886801527
a01,B,fooof,central,1.257421761,1.375710246
a01,B,fooof,parietal,1.284864246,1.42284348
a01,B,fooof,occipital,1.258665446,1.453582501
a01,C,lmer,frontal,0.948053558,-0.550936455
a01,C,lmer,central,3.302148929,-1.485298166
a01,C,lmer,parietal,3.467042407,-1.516012997
a01,C,lmer,occipital,3.131452969,-1.379805798
a01,C,fooof,frontal,0.299,0.4796
a01,C,fooof,central,1.3002,1.4899
a01,C,fooof,parietal,1.37779785,1.5669071
a01,C,fooof,occipital,1.25878325,1.46546873
a02,A,lmer,frontal,1.04836147,-0.576862471
a02,A,lmer,central,2.530483154,-0.986660676
a02,A,lmer,parietal,2.598069632,-0.905208221
a02,A,lmer,occipital,2.713552505,-0.960430267
a02,A,fooof,frontal,0.31165215,0.48939774
a02,A,fooof,central,0.96969591,0.96216473
a02,A,fooof,parietal,0.87819482,0.78384416
a02,A,fooof,occipital,1.00900251,0.95809361
a02,B,lmer,frontal,1.338963266,-0.54388807
a02,B,lmer,central,3.631085461,-1.4330245
a02,B,lmer,parietal,3.000562211,-1.235946802
a02,B,lmer,occipital,2.681364833,-1.058845892
a02,B,fooof,frontal,0.586920328,0.641424877
a02,B,fooof,central,1.365949743,1.394097467
a02,B,fooof,parietal,1.225208342,1.412562701
a02,B,fooof,occipital,1.154179886,1.299552498
a02,C,lmer,frontal,1.142531567,-0.46819703
a02,C,lmer,central,2.043593273,-0.553514815
a02,C,lmer,parietal,2.75268218,-0.859100315
a02,C,lmer,occipital,2.755583064,-0.890761791
a02,C,fooof,frontal,0.272,0.3272
a02,C,fooof,central,0.69,0.4963
a02,C,fooof,parietal,0.82320431,0.65962241
a02,C,fooof,occipital,0.95171808,0.81934107
a03,A,lmer,frontal,3.101061122,-1.506073586
a03,A,lmer,central,4.61027764,-1.811710421
a03,A,lmer,parietal,4.806206503,-1.847983861
a03,A,lmer,occipital,4.452096555,-1.658821756
a03,A,fooof,frontal,1.0982732,1.37194443
a03,A,fooof,central,1.74446836,1.66843705
a03,A,fooof,parietal,1.87805529,1.77935613
a03,A,fooof,occipital,1.73114208,1.65311052
a03,B,lmer,frontal,2.463766029,-1.342575627
a03,B,lmer,central,4.062439945,-1.691058419
a03,B,lmer,parietal,4.076815833,-1.754744948
a03,B,lmer,occipital,3.678536093,-1.594582625
a03,B,fooof,frontal,1.018130087,1.333035084
a03,B,fooof,central,1.615127633,1.606543617
a03,B,fooof,parietal,1.584442104,1.645135179
a03,B,fooof,occipital,1.497326577,1.59935298
a03,C,lmer,frontal,3.505758969,-1.443948857
a03,C,lmer,central,4.949032558,-1.917881276
a03,C,lmer,parietal,5.113050618,-1.95772658
a03,C,lmer,occipital,4.866665378,-1.790659091
a03,C,fooof,frontal,0.272,0.3272
a03,C,fooof,central,1.8941,1.7882
a03,C,fooof,parietal,1.92974388,1.87160706
a03,C,fooof,occipital,1.8900839,1.80977937
a04,A,lmer,frontal,2.50902855,-1.290246505
a04,A,lmer,central,3.314659039,-1.36639291
a04,A,lmer,parietal,3.204232466,-1.3002254
a04,A,lmer,occipital,2.430267099,-0.938748657
a04,A,fooof,frontal,0.95682738,1.24464202
a04,A,fooof,central,1.16192433,1.26387369
a04,A,fooof,parietal,1.11617488,1.20634802
a04,A,fooof,occipital,0.86962218,0.85810249
a04,B,lmer,frontal,2.127261249,-1.276319151
a04,B,lmer,central,3.696773452,-1.613341942
a04,B,lmer,parietal,3.537242924,-1.58458256
a04,B,lmer,occipital,2.742381063,-1.234999781
a04,B,fooof,frontal,0.612209845,1.102236679
a04,B,fooof,central,1.208314496,1.434446062
a04,B,fooof,parietal,1.21208236,1.482239466
a04,B,fooof,occipital,1.025706854,1.226634732
a04,C,lmer,frontal,3.107545099,-1.184575963
a04,C,lmer,central,3.160018015,-1.194744519
a04,C,lmer,parietal,2.906487827,-1.154746114
a04,C,lmer,occipital,1.922365895,-0.901877505
a04,C,fooof,frontal,1.31,1.2309
a04,C,fooof,central,0.9092,0.951
a04,C,fooof,parietal,0.73509268,0.88223817
a04,C,fooof,occipital,0.56382261,0.74869804
a05,A,lmer,frontal,0.968296279,-0.671317112
a05,A,lmer,central,2.469273647,-1.089591196
a05,A,lmer,parietal,2.5091272,-1.060693375
a05,A,lmer,occipital,2.393764098,-0.978935876
a05,A,fooof,frontal,0.49090108,0.79774878
a05,A,fooof,central,1.03559292,1.11518062
a05,A,fooof,parietal,1.03555337,1.09136352
a05,A,fooof,occipital,0.96563073,1.0195509
a05,B,lmer,frontal,1.63130212,-0.848350917
a05,B,lmer,central,3.020650451,-1.282622332
a05,B,lmer,parietal,2.91447477,-1.220452257
a05,B,lmer,occipital,2.446704891,-1.006896424
a05,B,fooof,frontal,0.642355908,0.886935909
a05,B,fooof,central,1.247507318,1.40505349
a05,B,fooof,parietal,1.18803375,1.342030217
a05,B,fooof,occipital,0.996235298,1.12832196
a05,C,lmer,frontal,1.440563079,-0.717310513
a05,C,lmer,central,2.642656737,-1.081457115
a05,C,lmer,parietal,2.776984208,-1.078137662
a05,C,lmer,occipital,2.769101656,-1.044298066
a05,C,fooof,frontal,0.5717,0.6818
a05,C,fooof,central,1.0116,1.0089
a05,C,fooof,parietal,1.03707192,0.99562523
a05,C,fooof,occipital,1.03840931,1.01849714
a06,A,lmer,frontal,2.350401868,-1.079767641
a06,A,lmer,central,3.05075461,-1.377517716
a06,A,lmer,parietal,3.301238633,-1.530413178
a06,A,lmer,occipital,3.354276641,-1.46269
a06,A,fooof,frontal,0.95589571,1.03437677
a06,A,fooof,central,1.18521775,1.28506375
a06,A,fooof,parietal,1.34505216,1.49568782
a06,A,fooof,occipital,1.38619287,1.49372535
a06,B,lmer,frontal,2.576135849,-1.214404354
a06,B,lmer,central,3.654917907,-1.638850113
a06,B,lmer,parietal,3.62246386,-1.655856655
a06,B,lmer,occipital,3.461810568,-1.526873264
a06,B,fooof,frontal,0.958139092,1.208252072
a06,B,fooof,central,1.237511608,1.518962929
a06,B,fooof,parietal,1.238180511,1.519225189
a06,B,fooof,occipital,1.282524806,1.525511812
a06,C,lmer,frontal,3.803605597,-1.362573208
a06,C,lmer,central,3.863150573,-1.625775259
a06,C,lmer,parietal,4.037387018,-1.754882552
a06,C,lmer,occipital,4.043434939,-1.642416727
a06,C,fooof,frontal,1.54200016,1.28205501
a06,C,fooof,central,1.56772714,1.57024679
a06,C,fooof,parietal,1.66705995,1.74015851
a06,C,fooof,occipital,1.64289966,1.66925293
a07,A,lmer,frontal,1.322342059,-0.260870651
a07,A,lmer,central,2.947746386,-0.908104428
a07,A,lmer,parietal,3.09670048,-0.966234155
a07,A,lmer,occipital,3.22252136,-0.870017671
a07,A,fooof,frontal,0.16942706,-0.03641297
a07,A,fooof,central,1.12202797,0.83469082
a07,A,fooof,parietal,1.16175309,0.89307284
a07,A,fooof,occipital,1.18888347,0.79667934
a07,B,lmer,frontal,1.547498865,-0.51172495
a07,B,lmer,central,3.284458269,-1.192090477
a07,B,lmer,parietal,3.329630269,-1.276997272
a07,B,lmer,occipital,3.052498831,-1.154032187
a07,B,fooof,frontal,0.795126081,0.759329498
a07,B,fooof,central,1.425161063,1.398048727
a07,B,fooof,parietal,1.393712731,1.462346726
a07,B,fooof,occipital,1.310873617,1.375832955
a07,C,lmer,frontal,2.228695529,-0.432102232
a07,C,lmer,central,2.619746462,-0.815713387
a07,C,lmer,parietal,2.880262323,-1.059503362
a07,C,lmer,occipital,2.530265068,-0.866470385
a07,C,fooof,frontal,0.93267663,0.38882356
a07,C,fooof,central,1.02817955,0.75524456
a07,C,fooof,parietal,1.10843229,0.99473764
a07,C,fooof,occipital,0.90118114,0.76214706
a08,A,lmer,frontal,2.729785387,-1.511846971
a08,A,lmer,central,3.933267509,-1.918591682
a08,A,lmer,parietal,3.439277781,-1.760906974
a08,A,lmer,occipital,3.491080142,-1.694763164
a08,A,fooof,frontal,1.1625984,1.51473258
a08,A,fooof,central,1.55953473,1.85058106
a08,A,fooof,parietal,1.34875907,1.70038539
a08,A,fooof,occipital,1.44353263,1.71779861
a08,B,lmer,frontal,3.120849894,-1.475232785
a08,B,lmer,central,4.05894739,-1.788059738
a08,B,lmer,parietal,3.661646067,-1.683640818
a08,B,lmer,occipital,3.530424465,-1.567644748
a08,B,fooof,frontal,1.178420932,1.425216438
a08,B,fooof,central,1.447545983,1.638291729
a08,B,fooof,parietal,1.335899173,1.590872815
a08,B,fooof,occipital,1.306829957,1.530511632
a08,C,lmer,frontal,3.352129618,-1.842569671
a08,C,lmer,central,4.462803055,-2.061956205
a08,C,lmer,parietal,4.466053975,-2.047581585
a08,C,lmer,occipital,4.405189944,-1.99028363
a08,C,fooof,frontal,1.3522,1.7926
a08,C,fooof,central,1.8281,2.0358
a08,C,fooof,parietal,1.86675189,2.07057286
a08,C,fooof,occipital,1.90671346,2.07977782
a09,A,lmer,frontal,2.976280817,-1.442705373
a09,A,lmer,central,3.096675126,-1.323605286
a09,A,lmer,parietal,2.860058565,-1.246460608
a09,A,lmer,occipital,2.669825791,-1.141769738
a09,A,fooof,frontal,1.21420094,1.42379859
a09,A,fooof,central,1.15542729,1.25065623
a09,A,fooof,parietal,1.03077902,1.18799259
a09,A,fooof,occipital,1.00978923,1.12368968
a09,B,lmer,frontal,3.556629996,-1.610783766
a09,B,lmer,central,3.365008094,-1.431597175
a09,B,lmer,parietal,3.08797069,-1.357030814
a09,B,lmer,occipital,3.038527404,-1.286658799
a09,B,fooof,frontal,1.437805097,1.666015026
a09,B,fooof,central,1.373525995,1.561574764
a09,B,fooof,parietal,1.253021318,1.478874479
a09,B,fooof,occipital,1.196875522,1.370808758
a09,C,lmer,frontal,3.519763553,-1.029958565
a09,C,lmer,central,2.986654705,-1.150434915
a09,C,lmer,parietal,2.683631508,-1.110604578
a09,C,lmer,occipital,2.294849979,-0.988913878
a09,C,fooof,frontal,1.46086345,1.02069782
a09,C,fooof,central,1.04108826,1.01581306
a09,C,fooof,parietal,0.85415434,0.85415434
a09,C,fooof,occipital,0.77285631,0.89752262
a10,A,lmer,frontal,1.684829898,-1.095609985
a10,A,lmer,central,3.246883432,-1.712886479
a10,A,lmer,parietal,2.934682803,-1.580192521
a10,A,lmer,occipital,1.808985415,-1.020430923
a10,A,fooof,frontal,0.00584371,0.52528851
a10,A,fooof,central,1.09531386,1.47346144
a10,A,fooof,parietal,1.24090981,1.55877792
a10,A,fooof,occipital,0.68796021,0.95504166
a10,B,lmer,frontal,2.486460762,-1.453745446
a10,B,lmer,central,3.957968951,-1.941307418
a10,B,lmer,parietal,3.495760374,-1.73510944
a10,B,lmer,occipital,2.474612263,-1.246398251
a10,B,fooof,frontal,0.86078978,1.365262209
a10,B,fooof,central,1.345298489,1.732513544
a10,B,fooof,parietal,1.228262332,1.554359978
a10,B,fooof,occipital,0.91508185,1.177627071
a10,C,lmer,frontal,2.580023874,-1.623258927
a10,C,lmer,central,3.51617224,-1.861955303
a10,C,lmer,parietal,3.052949137,-1.634023085
a10,C,lmer,occipital,1.911664595,-1.042483648
a10,C,fooof,frontal,1.135,1.6416
a10,C,fooof,central,1.252,1.5525
a10,C,fooof,parietal,1.12821555,1.47638996
a10,C,fooof,occipital,0.75560339,0.97845185
a11,A,lmer,frontal,2.666859658,-1.278989099
a11,A,lmer,central,3.393918306,-1.488617074
a11,A,lmer,parietal,3.556471571,-1.596047363
a11,A,lmer,occipital,3.467703946,-1.550458829
a11,A,fooof,frontal,1.16249307,1.28212629
a11,A,fooof,central,1.39049407,1.44150838
a11,A,fooof,parietal,1.52370474,1.64234884
a11,A,fooof,occipital,1.47853356,1.61397685
a11,B,lmer,frontal,3.066167387,-1.280893956
a11,B,lmer,central,3.554848625,-1.453459508
a11,B,lmer,parietal,3.494281279,-1.481269537
a11,B,lmer,occipital,3.103549021,-1.345912815
a11,B,fooof,frontal,1.150938149,1.202552372
a11,B,fooof,central,1.342309383,1.37035977
a11,B,fooof,parietal,1.295354331,1.349574982
a11,B,fooof,occipital,1.239403518,1.337061167
a11,C,lmer,frontal,2.822354522,-1.333339207
a11,C,lmer,central,3.222700871,-1.412591083
a11,C,lmer,parietal,3.622220241,-1.583860464
a11,C,lmer,occipital,3.341888993,-1.490183906
a11,C,fooof,frontal,1.2354,1.3412
a11,C,fooof,central,1.3206,1.3606
a11,C,fooof,parietal,1.50009535,1.58732477
a11,C,fooof,occipital,1.43921279,1.58386658
a12,A,lmer,frontal,2.052945382,-1.120550532
a12,A,lmer,central,3.384998027,-1.466306525
a12,A,lmer,parietal,3.58132197,-1.544278646
a12,A,lmer,occipital,3.371165118,-1.47243575
a12,A,fooof,frontal,0.7906125,1.07110185
a12,A,fooof,central,1.4034054,1.49679192
a12,A,fooof,parietal,1.42035686,1.5038864
a12,A,fooof,occipital,1.38584609,1.46473008
a12,B,lmer,frontal,1.964866562,-1.013341545
a12,B,lmer,central,3.701640437,-1.604450029
a12,B,lmer,parietal,3.711224394,-1.648807523
a12,B,lmer,occipital,3.348515996,-1.49698793
a12,B,fooof,frontal,0.699382801,0.956096369
a12,B,fooof,central,1.38500098,1.51240972
a12,B,fooof,parietal,1.399705191,1.574234015
a12,B,fooof,occipital,1.325837893,1.506051107
a12,C,lmer,frontal,1.963617726,-1.0236768
a12,C,lmer,central,3.298086844,-1.450363298
a12,C,lmer,parietal,3.411798327,-1.472371023
a12,C,lmer,occipital,3.277199698,-1.417443923
a12,C,fooof,frontal,0.7576,0.9664
a12,C,fooof,central,1.3068,1.3852
a12,C,fooof,parietal,1.37545246,1.50287672
a12,C,fooof,occipital,1.38655534,1.52809518
a13,A,lmer,frontal,2.908865136,-1.482811347
a13,A,lmer,central,3.759004835,-1.620163915
a13,A,lmer,parietal,4.284518465,-1.747616951
a13,A,lmer,occipital,4.342183747,-1.618759237
a13,A,fooof,frontal,1.09080718,1.40216706
a13,A,fooof,central,1.35868592,1.49122548
a13,A,fooof,parietal,1.59032518,1.65677362
a13,A,fooof,occipital,1.63671493,1.55156751
a13,B,lmer,frontal,2.760792762,-1.284961675
a13,B,lmer,central,3.339663131,-1.373691623
a13,B,lmer,parietal,3.345094208,-1.371190108
a13,B,lmer,occipital,3.427585333,-1.379869539
a13,B,fooof,frontal,1.066495276,1.243330253
a13,B,fooof,central,1.259575811,1.304716088
a13,B,fooof,parietal,1.232310556,1.27171366
a13,B,fooof,occipital,1.336587227,1.374468198
a13,C,lmer,frontal,3.343775669,-1.507973233
a13,C,lmer,central,4.402342562,-1.751386034
a13,C,lmer,parietal,5.236435191,-1.993347255
a13,C,lmer,occipital,5.321801649,-1.855475298
a13,C,fooof,frontal,1.2502,1.4085
a13,C,fooof,central,1.5956,1.5957
a13,C,fooof,parietal,1.96363105,1.87750589
a13,C,fooof,occipital,2.0487131,1.77984505
a14,A,lmer,frontal,1.259017068,-0.796809884
a14,A,lmer,central,2.463701131,-0.996413933
a14,A,lmer,parietal,2.37786092,-0.884224784
a14,A,lmer,occipital,2.037885212,-0.742412961
a14,A,fooof,frontal,0.56932307,0.8671426
a14,A,fooof,central,1.07708098,1.06553165
a14,A,fooof,parietal,0.87836216,0.80002303
a14,A,fooof,occipital,0.77111634,0.75270386
a14,B,lmer,frontal,2.365564857,-1.29251476
a14,B,lmer,central,3.524003092,-1.471389812
a14,B,lmer,parietal,3.316577603,-1.376451828
a14,B,lmer,occipital,2.73255542,-1.157649042
a14,B,fooof,frontal,0.979823818,1.416202886
a14,B,fooof,central,1.473941994,1.608830685
a14,B,fooof,parietal,1.38818859,1.52888004
a14,B,fooof,occipital,1.212990831,1.413542457
a14,C,lmer,frontal,1.766020115,-0.871891581
a14,C,lmer,central,2.608574417,-1.013711457
a14,C,lmer,parietal,2.496586037,-0.900831137
a14,C,lmer,occipital,2.133830759,-0.786763187
a14,C,fooof,frontal,0.8071,0.9475
a14,C,fooof,central,1.1546,1.1267
a14,C,fooof,parietal,0.8988738,0.81429456
a14,C,fooof,occipital,0.80936895,0.85613055
a15,A,lmer,frontal,3.729844982,-1.895670245
a15,A,lmer,central,4.00932879,-1.913816612
a15,A,lmer,parietal,3.835580019,-1.799121899
a15,A,lmer,occipital,3.376770579,-1.560482382
a15,A,fooof,frontal,1.56781072,1.88013963
a15,A,fooof,central,1.74585183,1.97010933
a15,A,fooof,parietal,1.66865623,1.85298547
a15,A,fooof,occipital,1.50069895,1.63350764
a15,B,lmer,frontal,3.158971049,-1.625795376
a15,B,lmer,central,3.418865512,-1.658296811
a15,B,lmer,parietal,3.27338354,-1.62108269
a15,B,lmer,occipital,2.877465004,-1.437639673
a15,B,fooof,frontal,1.122792668,1.487302695
a15,B,fooof,central,1.218346408,1.538919317
a15,B,fooof,parietal,1.176207616,1.509547331
a15,B,fooof,occipital,1.107593645,1.43234055
a15,C,lmer,frontal,3.872595518,-1.255307652
a15,C,lmer,central,3.456955243,-1.436236864
a15,C,lmer,parietal,3.321927923,-1.432125989
a15,C,lmer,occipital,3.336520147,-1.337965291
a15,C,fooof,frontal,1.6404,1.2472
a15,C,fooof,central,1.53139939,1.5409124
a15,C,fooof,parietal,1.36923096,1.4257029
a15,C,fooof,occipital,1.43730691,1.3954798
a16,A,lmer,frontal,2.31036304,-1.461057067
a16,A,lmer,central,3.115442504,-1.52282764
a16,A,lmer,parietal,3.168765324,-1.520815996
a16,A,lmer,occipital,3.09504276,-1.307165125
a16,A,fooof,frontal,1.03450976,1.53620776
a16,A,fooof,central,1.2772903,1.47504742
a16,A,fooof,parietal,1.33262072,1.52181424
a16,A,fooof,occipital,1.30976661,1.35732584
a16,B,lmer,frontal,2.708056777,-1.521028332
a16,B,lmer,central,4.232421332,-1.886724168
a16,B,lmer,parietal,3.873055726,-1.772419759
a16,B,lmer,occipital,3.360753284,-1.447841679
a16,B,fooof,frontal,0.983290382,1.473358207
a16,B,fooof,central,1.547711168,1.776548935
a16,B,fooof,parietal,1.460376012,1.731172402
a16,B,fooof,occipital,1.357052494,1.557674476
a16,C,lmer,frontal,2.758319946,-1.517247825
a16,C,lmer,central,3.392190371,-1.526007743
a16,C,lmer,parietal,3.343722204,-1.543156954
a16,C,lmer,occipital,3.118097629,-1.403129975
a16,C,fooof,frontal,1.2673,1.6516
a16,C,fooof,central,1.30312194,1.41735034
a16,C,fooof,parietal,1.39141479,1.52546569
a16,C,fooof,occipital,1.30046623,1.411809
a17,A,lmer,frontal,3.246266486,-1.760543776
a17,A,lmer,central,3.606311764,-1.765620164
a17,A,lmer,parietal,3.468437543,-1.705767934
a17,A,lmer,occipital,3.075632936,-1.603600698
a17,A,fooof,frontal,1.18979465,1.61059603
a17,A,fooof,central,1.31029278,1.59029566
a17,A,fooof,parietal,1.42841508,1.72263783
a17,A,fooof,occipital,1.37627174,1.71821071
a17,B,lmer,frontal,3.794831982,-1.757824878
a17,B,lmer,central,4.067917183,-1.798748457
a17,B,lmer,parietal,3.765482222,-1.69693134
a17,B,lmer,occipital,3.222089172,-1.526884057
a17,B,fooof,frontal,1.05438772,1.258194865
a17,B,fooof,central,1.13108495,1.308004649
a17,B,fooof,parietal,1.084167252,1.260116397
a17,B,fooof,occipital,0.998521999,1.238158497
a17,C,lmer,frontal,3.587513788,-1.846248668
a17,C,lmer,central,3.861246195,-1.835919219
a17,C,lmer,parietal,3.698336892,-1.74456075
a17,C,lmer,occipital,3.241093196,-1.632390207
a17,C,fooof,frontal,1.1935,1.5867
a17,C,fooof,central,1.38371874,1.6334438
a17,C,fooof,parietal,1.49044898,1.75471018
a17,C,fooof,occipital,1.41850481,1.73261445
a18,A,lmer,frontal,3.384052042,-1.713934196
a18,A,lmer,central,4.278381077,-1.816666949
a18,A,lmer,parietal,4.78437243,-2.026354064
a18,A,lmer,occipital,4.584405389,-1.801208905
a18,A,fooof,frontal,1.29152351,1.61751511
a18,A,fooof,central,1.63552966,1.7184928
a18,A,fooof,parietal,1.71497012,1.87527132
a18,A,fooof,occipital,1.70983602,1.70923242
a18,B,lmer,frontal,3.136791405,-1.532466385
a18,B,lmer,central,4.134885765,-1.809374205
a18,B,lmer,parietal,4.138289061,-1.847541898
a18,B,lmer,occipital,3.841236422,-1.648624658
a18,B,fooof,frontal,1.057268718,1.330633167
a18,B,fooof,central,1.49792855,1.664104878
a18,B,fooof,parietal,1.482820453,1.687886715
a18,B,fooof,occipital,1.417375169,1.569892865
a18,C,lmer,frontal,3.424689758,-1.54331906
a18,C,lmer,central,4.46721566,-1.818581897
a18,C,lmer,parietal,4.9591512,-1.983601442
a18,C,lmer,occipital,4.901526538,-1.833381847
a18,C,fooof,frontal,1.2355,1.3975
a18,C,fooof,central,1.60396962,1.64428755
a18,C,fooof,parietal,1.79002109,1.85115671
a18,C,fooof,occipital,1.84974785,1.73983949
a19,A,lmer,frontal,3.370637042,-1.740666037
a19,A,lmer,central,4.456208915,-2.077369764
a19,A,lmer,parietal,4.502939935,-2.044927579
a19,A,lmer,occipital,4.593464929,-2.036328576
a19,A,fooof,frontal,1.38147891,1.71876097
a19,A,fooof,central,1.84417916,2.13478901
a19,A,fooof,parietal,1.76704503,2.02885913
a19,A,fooof,occipital,1.80006768,2.01931704
a19,B,lmer,frontal,3.876754639,-1.889119856
a19,B,lmer,central,4.728888526,-2.113534631
a19,B,lmer,parietal,4.59893294,-2.031019361
a19,B,lmer,occipital,4.401399645,-1.936339708
a19,B,fooof,frontal,1.218773514,1.57074454
a19,B,fooof,central,1.464781614,1.723794778
a19,B,fooof,parietal,1.543355192,1.759122113
a19,B,fooof,occipital,1.55829382,1.762405834
a19,C,lmer,frontal,3.878086731,-1.689665589
a19,C,lmer,central,4.516552631,-2.00513624
a19,C,lmer,parietal,4.406787535,-2.000694559
a19,C,lmer,occipital,4.636549238,-2.02077217
a19,C,fooof,frontal,1.58593034,1.65962221
a19,C,fooof,central,1.77620115,1.93022045
a19,C,fooof,parietal,1.70437255,1.9436039
a19,C,fooof,occipital,1.83009572,1.99127517
a20,A,lmer,frontal,3.463952063,-1.501488449
a20,A,lmer,central,4.199587792,-1.760366623
a20,A,lmer,parietal,4.245157974,-1.780500137
a20,A,lmer,occipital,4.292765238,-1.691739987
a20,A,fooof,frontal,1.33953606,1.4317983
a20,A,fooof,central,1.62889683,1.68597826
a20,A,fooof,parietal,1.61715274,1.70579795
a20,A,fooof,occipital,1.64011647,1.65146385
a20,B,lmer,frontal,2.616075671,-1.113308701
a20,B,lmer,central,3.898322972,-1.674618863
a20,B,lmer,parietal,3.925308657,-1.736095049
a20,B,lmer,occipital,3.535497469,-1.565062685
a20,B,fooof,frontal,0.746659679,0.838728059
a20,B,fooof,central,1.348151073,1.46675847
a20,B,fooof,parietal,1.356538324,1.562840919
a20,B,fooof,occipital,1.252191782,1.48279793
a20,C,lmer,frontal,4.000595007,-1.157856242
a20,C,lmer,central,3.926435661,-1.585688839
a20,C,lmer,parietal,4.264363509,-1.757314723
a20,C,lmer,occipital,4.637246252,-1.839573331
a20,C,fooof,frontal,1.71779209,1.20103114
a20,C,fooof,central,1.53628251,1.53280557
a20,C,fooof,parietal,1.53672948,1.62050796
a20,C,fooof,occipital,1.75794062,1.78313719
a21,A,lmer,frontal,0.42116974,-0.458375268
a21,A,lmer,central,2.437139009,-1.25895888
a21,A,lmer,parietal,2.612797127,-1.304408341
a21,A,lmer,occipital,2.92383063,-1.310999315
a21,A,fooof,frontal,0.1039838,0.40276396
a21,A,fooof,central,0.96578874,1.23372919
a21,A,fooof,parietal,1.03852853,1.29746211
a21,A,fooof,occipital,1.24069334,1.32987843
a21,B,lmer,frontal,1.41815652,-0.941118214
a21,B,lmer,central,3.219904973,-1.57428209
a21,B,lmer,parietal,3.053362753,-1.498443954
a21,B,lmer,occipital,2.494547183,-1.084391461
a21,B,fooof,frontal,0.532868722,0.967884584
a21,B,fooof,central,1.116628225,1.414265322
a21,B,fooof,parietal,1.11526108,1.413138297
a21,B,fooof,occipital,0.918604843,1.071610673
a21,C,lmer,frontal,1.205627568,-0.727307824
a21,C,lmer,central,2.40757336,-1.277822245
a21,C,lmer,parietal,2.599842985,-1.329660935
a21,C,lmer,occipital,2.763499949,-1.306374486
a21,C,fooof,frontal,0.461,0.6908
a21,C,fooof,central,0.95042495,1.23828921
a21,C,fooof,parietal,1.02593959,1.30505303
a21,C,fooof,occipital,1.15698111,1.30751929
a22,A,lmer,frontal,1.232083266,-1.067100164
a22,A,lmer,central,2.302002489,-1.279446147
a22,A,lmer,parietal,2.723316714,-1.456345802
a22,A,lmer,occipital,2.123929795,-1.079403889
a22,A,fooof,frontal,0.5003083,1.04037931
a22,A,fooof,central,1.1124559,1.45843268
a22,A,fooof,parietal,1.18942309,1.51282127
a22,A,fooof,occipital,0.76652125,0.98886068
a22,B,lmer,frontal,1.37858631,-1.084155889
a22,B,lmer,central,2.998505861,-1.611938293
a22,B,lmer,parietal,3.153222399,-1.657142373
a22,B,lmer,occipital,2.577507735,-1.309864481
a22,B,fooof,frontal,0.439135704,1.026700198
a22,B,fooof,central,0.953972169,1.437277388
a22,B,fooof,parietal,1.110594966,1.564609068
a22,B,fooof,occipital,1.006513196,1.387084134
a22,C,lmer,frontal,1.825510213,-1.176704737
a22,C,lmer,central,2.653346423,-1.408304141
a22,C,lmer,parietal,2.775301588,-1.483775462
a22,C,lmer,occipital,2.025183924,-1.0956028
a22,C,fooof,frontal,1.8,1.5487
a22,C,fooof,central,1.05908988,1.41737452
a22,C,fooof,parietal,1.14716527,1.48266843
a22,C,fooof,occipital,0.7817828,1.04847877
a23,A,lmer,frontal,2.434752464,-1.090415487
a23,A,lmer,central,3.420618687,-1.338853602
a23,A,lmer,parietal,4.051565343,-1.482111285
a23,A,lmer,occipital,3.527928117,-1.367316623
a23,A,fooof,frontal,0.85228035,1.07583227
a23,A,fooof,central,1.16523484,1.2030506
a23,A,fooof,parietal,1.35167787,1.32194936
a23,A,fooof,occipital,1.06242033,1.11908004
a23,B,lmer,frontal,2.683575443,-1.236833756
a23,B,lmer,central,3.470793263,-1.445498544
a23,B,lmer,parietal,3.545153517,-1.467167123
a23,B,lmer,occipital,3.116230864,-1.354526044
a23,B,fooof,frontal,1.145129639,1.499764375
a23,B,fooof,central,1.366219194,1.601320114
a23,B,fooof,parietal,1.305616483,1.559877465
a23,B,fooof,occipital,1.143060721,1.456349002
a23,C,lmer,frontal,2.086797516,-0.923625858
a23,C,lmer,central,3.124407918,-1.201436667
a23,C,lmer,parietal,4.084215661,-1.494605251
a23,C,lmer,occipital,3.773688647,-1.468655561
a23,C,fooof,frontal,0.5891,0.7198
a23,C,fooof,central,0.95344814,0.95346162
a23,C,fooof,parietal,1.2958966,1.23789713
a23,C,fooof,occipital,1.16056306,1.21699058
a24,A,lmer,frontal,2.065135156,-1.47595823
a24,A,lmer,central,2.878432343,-1.500776292
a24,A,lmer,parietal,3.018556702,-1.593002464
a24,A,lmer,occipital,2.227380747,-1.380744644
a24,A,fooof,frontal,0.89405199,1.53187863
a24,A,fooof,central,1.13846848,1.47435873
a24,A,fooof,parietal,1.16196128,1.55933302
a24,A,fooof,occipital,0.8161659,1.3400267
a24,B,lmer,frontal,2.34139121,-1.620976508
a24,B,lmer,central,3.297222227,-1.700136448
a24,B,lmer,parietal,3.05659195,-1.652306181
a24,B,lmer,occipital,2.177445082,-1.29296768
a24,B,fooof,frontal,0.800254643,1.46091453
a24,B,fooof,central,1.017232473,1.450555971
a24,B,fooof,parietal,1.056102836,1.454864339
a24,B,fooof,occipital,0.79292704,1.260438445
a24,C,lmer,frontal,2.568211972,-1.604714065
a24,C,lmer,central,2.995692926,-1.593070093
a24,C,lmer,parietal,3.161130582,-1.623730475
a24,C,lmer,occipital,2.544937191,-1.471009634
a24,C,fooof,frontal,1.1667,1.7332
a24,C,fooof,central,1.14957258,1.5635083
a24,C,fooof,parietal,1.1119766,1.54025969
a24,C,fooof,occipital,0.87835016,1.40039522
a26,A,lmer,frontal,2.579969567,-1.361641706
a26,A,lmer,central,3.969085992,-1.84100179
a26,A,lmer,parietal,3.941533515,-1.719959219
a26,A,lmer,occipital,3.655172558,-1.598684288
a26,A,fooof,frontal,1.00491601,1.2989467
a26,A,fooof,central,1.51273654,1.73925305
a26,A,fooof,parietal,1.56092509,1.72807733
a26,A,fooof,occipital,1.39239393,1.585777
a26,B,lmer,frontal,1.398328043,-0.70986227
a26,B,lmer,central,3.730187588,-1.705058957
a26,B,lmer,parietal,3.812769876,-1.77113955
a26,B,lmer,occipital,3.317389525,-1.572193323
a26,B,fooof,frontal,0.454986827,0.624581831
a26,B,fooof,central,1.151938779,1.379840506
a26,B,fooof,parietal,1.266086019,1.516232483
a26,B,fooof,occipital,1.072610678,1.356757831
a26,C,lmer,frontal,3.192859677,-1.002159689
a26,C,lmer,central,3.413903843,-1.415633614
a26,C,lmer,parietal,3.69340979,-1.540097535
a26,C,lmer,occipital,3.733426519,-1.607269375
a26,C,fooof,frontal,1.3285,0.9793
a26,C,fooof,central,1.33133996,1.33754052
a26,C,fooof,parietal,1.43741435,1.5218619
a26,C,fooof,occipital,1.42838921,1.60475116
a27,A,lmer,frontal,2.487041234,-0.986689946
a27,A,lmer,central,3.708170148,-1.274984926
a27,A,lmer,parietal,3.927339223,-1.292841699
a27,A,lmer,occipital,3.768927723,-1.356514344
a27,A,fooof,frontal,0.87267497,0.86670633
a27,A,fooof,central,1.38519602,1.25399022
a27,A,fooof,parietal,1.47203222,1.35358932
a27,A,fooof,occipital,1.2584405,1.183409
a27,B,lmer,frontal,2.994081401,-1.350154977
a27,B,lmer,central,3.90801117,-1.604404984
a27,B,lmer,parietal,3.613187762,-1.526446141
a27,B,lmer,occipital,3.31425668,-1.440258665
a27,B,fooof,frontal,1.228157924,1.459487366
a27,B,fooof,central,1.548627086,1.698697311
a27,B,fooof,parietal,1.419682867,1.622960133
a27,B,fooof,occipital,1.247557157,1.488059865
a27,C,lmer,frontal,2.546565848,-1.043236166
a27,C,lmer,central,3.628667629,-1.23827378
a27,C,lmer,parietal,4.074764475,-1.347680399
a27,C,lmer,occipital,3.734277269,-1.352762035
a27,C,fooof,frontal,0.89163027,0.96502662
a27,C,fooof,central,1.26144669,1.18550906
a27,C,fooof,parietal,1.46280923,1.36217483
a27,C,fooof,occipital,1.20332103,1.15514237
a28,A,lmer,frontal,2.666848309,-1.654040562
a28,A,lmer,central,3.969749359,-1.933890613
a28,A,lmer,parietal,4.123258781,-2.035247016
a28,A,lmer,occipital,3.647167384,-1.835963118
a28,A,fooof,frontal,1.17571856,1.67506164
a28,A,fooof,central,1.40241123,1.7121913
a28,A,fooof,parietal,1.54161548,1.87979173
a28,A,fooof,occipital,1.54519501,1.84312788
a28,B,lmer,frontal,2.713689207,-1.621064925
a28,B,lmer,central,4.652800237,-2.154876287
a28,B,lmer,parietal,4.681081673,-2.189096366
a28,B,lmer,occipital,4.034846544,-1.924851991
a28,B,fooof,frontal,0.72808127,1.344576439
a28,B,fooof,central,1.452615673,1.781622919
a28,B,fooof,parietal,1.460259279,1.832035705
a28,B,fooof,occipital,1.332307574,1.700794735
a28,C,lmer,frontal,3.174818064,-1.840746062
a28,C,lmer,central,4.015004609,-1.995277589
a28,C,lmer,parietal,4.132946373,-2.066454974
a28,C,lmer,occipital,3.585896748,-1.812670559
a28,C,fooof,frontal,1.1184,1.657
a28,C,fooof,central,1.49438619,1.89625457
a28,C,fooof,parietal,1.50942778,1.89439382
a28,C,fooof,occipital,1.52146426,1.84809328
a29,A,lmer,frontal,2.317449212,-0.894692282
a29,A,lmer,central,3.012855352,-1.034999596
a29,A,lmer,parietal,3.041610614,-1.008056989
a29,A,lmer,occipital,2.349282855,-0.748453048
a29,A,fooof,frontal,0.71381937,0.74031277
a29,A,fooof,central,0.93613033,0.85649948
a29,A,fooof,parietal,0.98478696,0.91605106
a29,A,fooof,occipital,0.69648503,0.64128401
a29,B,lmer,frontal,2.739861255,-1.198249342
a29,B,lmer,central,3.424508011,-1.369162716
a29,B,lmer,parietal,2.992881827,-1.189337258
a29,B,lmer,occipital,1.971386283,-0.738201034
a29,B,fooof,frontal,0.929786964,1.183080318
a29,B,fooof,central,1.173328569,1.353789978
a29,B,fooof,parietal,1.061387127,1.231816236
a29,B,fooof,occipital,0.72117107,0.776573184
a29,C,lmer,frontal,2.987061388,-1.087225406
a29,C,lmer,central,3.456066475,-1.049465845
a29,C,lmer,parietal,3.555821482,-1.066704151
a29,C,lmer,occipital,2.73249037,-0.785678433
a29,C,fooof,frontal,0.9401,0.9004
a29,C,fooof,central,1.07412445,0.82345845
a29,C,fooof,parietal,1.15356808,0.90657636
a29,C,fooof,occipital,0.86029774,0.64114022
a30,A,lmer,frontal,1.357689741,-0.985618895
a30,A,lmer,central,2.494341624,-1.218748478
a30,A,lmer,parietal,2.733645096,-1.287724693
a30,A,lmer,occipital,2.957848909,-1.355000367
a30,A,fooof,frontal,0.55419595,1.04123623
a30,A,fooof,central,0.99870188,1.23250796
a30,A,fooof,parietal,1.08163719,1.27877277
a30,A,fooof,occipital,1.22365058,1.366732
a30,B,lmer,frontal,1.713783927,-1.023726311
a30,B,lmer,central,2.904501034,-1.278797073
a30,B,lmer,parietal,2.87164348,-1.30343211
a30,B,lmer,occipital,2.586971139,-1.193946807
a30,B,fooof,frontal,0.551339476,0.913248699
a30,B,fooof,central,1.027701402,1.142719868
a30,B,fooof,parietal,1.034286311,1.194163627
a30,B,fooof,occipital,0.962003709,1.126979543
a30,C,lmer,frontal,2.007000314,-1.121834681
a30,C,lmer,central,2.343999661,-1.043848623
a30,C,lmer,parietal,2.579807351,-1.115266085
a30,C,lmer,occipital,2.550043425,-1.116443481
a30,C,fooof,frontal,0.8045,1.1164
a30,C,fooof,central,0.85007426,1.01672697
a30,C,fooof,parietal,0.92109021,1.06360661
a30,C,fooof,occipital,0.94149546,1.08281453
l01,A,lmer,frontal,3.450684947,-1.596027016
l01,A,lmer,central,3.926062635,-1.61551321
l01,A,lmer,parietal,3.904074461,-1.608366603
l01,A,lmer,occipital,3.474612348,-1.371484394
l01,A,fooof,frontal,1.44433186,1.58686667
l01,A,fooof,central,1.34337741,1.44615213
l01,A,fooof,parietal,1.62827293,1.67169887
l01,A,fooof,occipital,1.48306608,1.47223402
l01,B,lmer,frontal,3.366834547,-1.52015838
l01,B,lmer,central,4.157845535,-1.725039757
l01,B,lmer,parietal,4.279358424,-1.820775215
l01,B,lmer,occipital,4.130577437,-1.68263638
l01,B,fooof,frontal,1.131343069,1.32739056
l01,B,fooof,central,1.416523861,1.499512795
l01,B,fooof,parietal,1.540387077,1.746269883
l01,B,fooof,occipital,1.649366251,1.830656177
l01,C,lmer,frontal,3.448656669,-1.526006874
l01,C,lmer,central,3.853568783,-1.616374183
l01,C,lmer,parietal,4.012559062,-1.690873069
l01,C,lmer,occipital,3.630848765,-1.472298261
l01,C,fooof,frontal,1.4013,1.4609
l01,C,fooof,central,1.52010522,1.5497677
l01,C,fooof,parietal,1.68176267,1.76053356
l01,C,fooof,occipital,1.5262913,1.5739554
l02,A,lmer,frontal,2.83144679,-1.203855485
l02,A,lmer,central,3.829126262,-1.521838016
l02,A,lmer,parietal,3.52225493,-1.377204668
l02,A,lmer,occipital,3.357441006,-1.228283315
l02,A,fooof,frontal,0.90742277,1.00925059
l02,A,fooof,central,1.05021983,1.17472977
l02,A,fooof,parietal,1.20323217,1.21854957
l02,A,fooof,occipital,1.32147023,1.34521779
l02,B,lmer,frontal,3.666454006,-1.589951882
l02,B,lmer,central,4.424431036,-1.76088424
l02,B,lmer,parietal,4.022706775,-1.61522686
l02,B,lmer,occipital,3.875662407,-1.466427845
l02,B,fooof,frontal,1.192392388,1.40507651
l02,B,fooof,central,1.533115662,1.642118111
l02,B,fooof,parietal,1.517886444,1.682551053
l02,B,fooof,occipital,1.600249514,1.746429904
l02,C,lmer,frontal,3.279767645,-1.304515707
l02,C,lmer,central,4.122109584,-1.565845099
l02,C,lmer,parietal,3.965556738,-1.436735927
l02,C,lmer,occipital,3.661409802,-1.260932161
l02,C,fooof,frontal,1.0756,1.0818
l02,C,fooof,central,1.45395859,1.43241704
l02,C,fooof,parietal,1.33201748,1.25000328
l02,C,fooof,occipital,1.24531486,1.18520653
l03,A,lmer,frontal,1.542763186,-0.859490328
l03,A,lmer,central,3.005504106,-1.328434939
l03,A,lmer,parietal,3.171720015,-1.371019185
l03,A,lmer,occipital,3.501378644,-1.350924261
l03,A,fooof,frontal,0.75217203,0.99839353
l03,A,fooof,central,1.03179162,1.15623339
l03,A,fooof,parietal,1.36080497,1.43141001
l03,A,fooof,occipital,1.56350555,1.50182398
l03,B,lmer,frontal,1.949252977,-0.982225669
l03,B,lmer,central,3.470344111,-1.490584699
l03,B,lmer,parietal,3.547191357,-1.552034666
l03,B,lmer,occipital,3.423175189,-1.422517938
l03,B,fooof,frontal,0.839528696,1.099125248
l03,B,fooof,central,1.378304883,1.504430694
l03,B,fooof,parietal,1.393211137,1.564711549
l03,B,fooof,occipital,1.397403946,1.486944456
l03,C,lmer,frontal,3.320158059,-1.298382852
l03,C,lmer,central,3.418983301,-1.451630975
l03,C,lmer,parietal,3.252299257,-1.368575864
l03,C,lmer,occipital,3.195609917,-1.203794112
l03,C,fooof,frontal,1.4475,1.3656
l03,C,fooof,central,1.45395058,1.51264439
l03,C,fooof,parietal,1.40136746,1.47521884
l03,C,fooof,occipital,1.17175007,1.16178024
l04,A,lmer,frontal,4.133385296,-1.727964867
l04,A,lmer,central,4.806360294,-1.885545279
l04,A,lmer,parietal,4.601079852,-1.795630938
l04,A,lmer,occipital,4.288439905,-1.557567104
l04,A,fooof,frontal,1.77702907,1.77525079
l04,A,fooof,central,1.77335447,1.80046475
l04,A,fooof,parietal,1.9912422,1.90417829
l04,A,fooof,occipital,1.89087133,1.71378786
l04,B,lmer,frontal,4.071526816,-1.735889355
l04,B,lmer,central,5.088874758,-2.024851731
l04,B,lmer,parietal,4.803121473,-1.958871221
l04,B,lmer,occipital,4.26344484,-1.662528616
l04,B,fooof,frontal,1.435545429,1.577633997
l04,B,fooof,central,1.926333911,1.985085152
l04,B,fooof,parietal,1.891432349,1.985567094
l04,B,fooof,occipital,1.779072095,1.884081374
l04,C,lmer,frontal,4.274645956,-1.633303885
l04,C,lmer,central,4.950017893,-1.914056052
l04,C,lmer,parietal,4.711875291,-1.758520923
l04,C,lmer,occipital,4.222399462,-1.456525692
l04,C,fooof,frontal,1.7676,1.6215
l04,C,fooof,central,1.99967357,1.91149622
l04,C,fooof,parietal,1.8675092,1.77719113
l04,C,fooof,occipital,1.69915283,1.49395938
l05,A,lmer,frontal,1.272887187,-0.584136117
l05,A,lmer,central,2.826197704,-1.096184449
l05,A,lmer,parietal,3.514648974,-1.35227615
l05,A,lmer,occipital,3.833363417,-1.399072787
l05,A,fooof,frontal,0.40227122,0.48855304
l05,A,fooof,central,1.10129499,1.08687197
l05,A,fooof,parietal,1.2899833,1.25950687
l05,A,fooof,occipital,1.59164006,1.44326214
l05,B,lmer,frontal,1.878874017,-0.924565453
l05,B,lmer,central,3.50591945,-1.481941959
l05,B,lmer,parietal,3.696654567,-1.589294483
l05,B,lmer,occipital,3.479990705,-1.503229837
l05,B,fooof,frontal,0.811889978,1.075522318
l05,B,fooof,central,1.398201895,1.663583378
l05,B,fooof,parietal,1.49267623,1.804501937
l05,B,fooof,occipital,1.405262016,1.721743442
l05,C,lmer,frontal,2.977807107,-1.131795211
l05,C,lmer,central,3.552250179,-1.240094262
l05,C,lmer,parietal,4.21559544,-1.485182421
l05,C,lmer,occipital,4.811044243,-1.651817045
l05,C,fooof,frontal,1.1324,1.0804
l05,C,fooof,central,1.38948436,1.26754345
l05,C,fooof,parietal,1.4910059,1.32571376
l05,C,fooof,occipital,1.75787325,1.55356836
l06,A,lmer,frontal,1.354908799,-1.057057054
l06,A,lmer,central,2.322524465,-1.112849691
l06,A,lmer,parietal,3.651620209,-1.504865071
l06,A,lmer,occipital,3.899902395,-1.58228537
l06,A,fooof,frontal,0.20559184,0.85026461
l06,A,fooof,central,0.34638027,0.71648238
l06,A,fooof,parietal,1.09832018,1.25913922
l06,A,fooof,occipital,1.37810774,1.45294468
l06,B,lmer,frontal,0.164738328,-0.609299236
l06,B,lmer,central,2.112540993,-1.165057681
l06,B,lmer,parietal,2.905638389,-1.403769559
l06,B,lmer,occipital,3.023244669,-1.392949545
l06,B,fooof,frontal,0.059007321,0.763111282
l06,B,fooof,central,0.722010929,1.230708188
l06,B,fooof,parietal,1.044172716,1.463138366
l06,B,fooof,occipital,1.131400909,1.49877561
l06,C,lmer,frontal,4.03025322,-1.752876794
l06,C,lmer,central,4.611939885,-1.882609876
l06,C,lmer,parietal,4.898936555,-1.953407042
l06,C,lmer,occipital,4.515038259,-1.822223142
l06,C,fooof,frontal,1.3507,1.5271
l06,C,fooof,central,1.48107323,1.59505774
l06,C,fooof,parietal,1.63897254,1.72334068
l06,C,fooof,occipital,1.60685212,1.66755562
l07,A,lmer,frontal,2.602898322,-1.522871101
l07,A,lmer,central,3.491986087,-1.647271831
l07,A,lmer,parietal,3.276457717,-1.451912706
l07,A,lmer,occipital,2.578897695,-1.079096817
l07,A,fooof,frontal,1.1280395,1.61350256
l07,A,fooof,central,1.06330692,1.39540642
l07,A,fooof,parietal,1.35008033,1.49521324
l07,A,fooof,occipital,0.98112304,0.99809435
l07,B,lmer,frontal,2.026557542,-1.146047808
l07,B,lmer,central,3.546508565,-1.649510579
l07,B,lmer,parietal,3.233282862,-1.479579552
l07,B,lmer,occipital,2.479467534,-1.100159463
l07,B,fooof,frontal,0.580772982,0.990953937
l07,B,fooof,central,1.258685866,1.536639533
l07,B,fooof,parietal,1.25158479,1.522845479
l07,B,fooof,occipital,1.092945325,1.367151671
l07,C,lmer,frontal,2.642016335,-1.496542457
l07,C,lmer,central,3.384315158,-1.545277388
l07,C,lmer,parietal,3.410100868,-1.426567672
l07,C,lmer,occipital,2.837400256,-1.170576036
l07,C,fooof,frontal,1.0061,1.4229
l07,C,fooof,central,1.29134398,1.50903485
l07,C,fooof,parietal,1.30620875,1.42084993
l07,C,fooof,occipital,1.06147718,1.0789208
l08,A,lmer,frontal,2.229992478,-1.147171563
l08,A,lmer,central,3.425905539,-1.465936129
l08,A,lmer,parietal,3.168522679,-1.291318403
l08,A,lmer,occipital,3.066460874,-1.2711536
l08,A,fooof,frontal,0.87469125,1.11293578
l08,A,fooof,central,1.10148353,1.24950327
l08,A,fooof,parietal,1.18873415,1.22194741
l08,A,fooof,occipital,1.19399687,1.2463356
l08,B,lmer,frontal,1.99169768,-0.918671691
l08,B,lmer,central,3.788074525,-1.592603812
l08,B,lmer,parietal,3.587376955,-1.502335423
l08,B,lmer,occipital,3.151339523,-1.316477609
l08,B,fooof,frontal,0.787910372,0.962451121
l08,B,fooof,central,1.427300447,1.611034279
l08,B,fooof,parietal,1.381290633,1.635818031
l08,B,fooof,occipital,1.271210573,1.522799573
l08,C,lmer,frontal,2.720290821,-1.109525099
l08,C,lmer,central,3.343112442,-1.282810835
l08,C,lmer,parietal,3.349356056,-1.224852719
l08,C,lmer,occipital,2.956593937,-1.059000325
l08,C,fooof,frontal,1.0408,1.0476
l08,C,fooof,central,1.30283269,1.28576179
l08,C,fooof,parietal,1.1754291,1.10267833
l08,C,fooof,occipital,1.04222365,0.94794828
l09,A,lmer,frontal,3.202869861,-1.749304263
l09,A,lmer,central,3.729020245,-1.691421826
l09,A,lmer,parietal,4.137512875,-1.72359915
l09,A,lmer,occipital,3.96707772,-1.56530174
l09,A,fooof,frontal,1.22628556,1.66741622
l09,A,fooof,central,1.3003806,1.52430285
l09,A,fooof,parietal,1.7267724,1.7219239
l09,A,fooof,occipital,1.71242196,1.58634889
l09,B,lmer,frontal,2.653587703,-1.441138742
l09,B,lmer,central,3.646367323,-1.611910292
l09,B,lmer,parietal,3.887895019,-1.659833436
l09,B,lmer,occipital,3.484216705,-1.399234701
l09,B,fooof,frontal,1.052964611,1.516660305
l09,B,fooof,central,1.458735315,1.70270503
l09,B,fooof,parietal,1.530330628,1.705270676
l09,B,fooof,occipital,1.294709505,1.333431122
l09,C,lmer,frontal,3.507162327,-1.594938675
l09,C,lmer,central,3.864612881,-1.611466621
l09,C,lmer,parietal,4.463633005,-1.764968428
l09,C,lmer,occipital,4.423075897,-1.705747564
l09,C,fooof,frontal,1.5862,1.7032
l09,C,fooof,central,1.55805217,1.58336464
l09,C,fooof,parietal,1.77556618,1.73246013
l09,C,fooof,occipital,1.5704874,1.47802625
l10,A,lmer,frontal,1.645522847,-1.104533779
l10,A,lmer,central,3.839042022,-1.684469261
l10,A,lmer,parietal,3.916912914,-1.650621797
l10,A,lmer,occipital,3.561225895,-1.403622942
l10,A,fooof,frontal,0.69029311,1.08529736
l10,A,fooof,central,1.53201094,1.58770125
l10,A,fooof,parietal,1.64230884,1.64736551
l10,A,fooof,occipital,1.70182715,1.60538651
l10,B,lmer,frontal,1.544989814,-0.98728134
l10,B,lmer,central,3.935953631,-1.65245768
l10,B,lmer,parietal,3.960286383,-1.652614457
l10,B,lmer,occipital,3.667879595,-1.44777918
l10,B,fooof,frontal,0.528894135,0.938023722
l10,B,fooof,central,1.423752493,1.474878999
l10,B,fooof,parietal,1.47980725,1.519530174
l10,B,fooof,occipital,1.598877487,1.518234582
l10,C,lmer,frontal,1.608358196,-1.067916752
l10,C,lmer,central,3.72366498,-1.630675397
l10,C,lmer,parietal,3.952729925,-1.653799675
l10,C,lmer,occipital,3.448604854,-1.335412601
l10,C,fooof,frontal,0.672,1.0464
l10,C,fooof,central,1.45064882,1.51916048
l10,C,fooof,parietal,1.66538489,1.68182691
l10,C,fooof,occipital,1.42947131,1.39277161
l11,A,lmer,frontal,3.144876377,-1.10858477
l11,A,lmer,central,4.121476561,-1.500983906
l11,A,lmer,parietal,4.474626027,-1.629040906
l11,A,lmer,occipital,4.748940928,-1.72433307
l11,A,fooof,frontal,1.27723833,1.17228499
l11,A,fooof,central,1.40209985,1.30711359
l11,A,fooof,parietal,1.51999541,1.41478078
l11,A,fooof,occipital,1.97647195,1.75217656
l11,B,lmer,frontal,3.421743573,-1.394799709
l11,B,lmer,central,4.102961043,-1.65727048
l11,B,lmer,parietal,3.862300353,-1.557941984
l11,B,lmer,occipital,3.803069229,-1.483928672
l11,B,fooof,frontal,1.380615257,1.472848445
l11,B,fooof,central,1.59442083,1.685910372
l11,B,fooof,parietal,1.503572945,1.611415685
l11,B,fooof,occipital,1.720719507,1.73349941
l11,C,lmer,frontal,2.810409729,-1.04568264
l11,C,lmer,central,4.154893487,-1.428660949
l11,C,lmer,parietal,4.764293267,-1.660895282
l11,C,lmer,occipital,5.101889196,-1.786478635
l11,C,fooof,frontal,1.0948,1.0963
l11,C,fooof,central,1.33377444,1.18553054
l11,C,fooof,parietal,1.66321055,1.48350476
l11,C,fooof,occipital,1.98269073,1.7268729
l12,A,lmer,frontal,0.718827724,-0.868104021
l12,A,lmer,central,2.240980115,-1.158477748
l12,A,lmer,parietal,2.313760034,-1.157045114
l12,A,lmer,occipital,2.065199847,-0.981209521
l12,A,fooof,frontal,0.25907991,0.82482277
l12,A,fooof,central,0.88737535,1.08520107
l12,A,fooof,parietal,1.03862952,1.23684741
l12,A,fooof,occipital,1.05638657,1.12077359
l12,B,lmer,frontal,1.542930283,-1.170962095
l12,B,lmer,central,3.038096863,-1.435204705
l12,B,lmer,parietal,3.063709385,-1.457416752
l12,B,lmer,occipital,2.754101874,-1.287692481
l12,B,fooof,frontal,0.610661032,1.232700713
l12,B,fooof,central,1.221988373,1.488526029
l12,B,fooof,parietal,1.255732208,1.546610001
l12,B,fooof,occipital,1.3600474,1.567987268
l12,C,lmer,frontal,0.574581195,-0.857506309
l12,C,lmer,central,2.2594679,-1.157685374
l12,C,lmer,parietal,2.370296747,-1.183965045
l12,C,lmer,occipital,2.222938853,-1.01101635
l12,C,fooof,frontal,0.1929,0.8117
l12,C,fooof,central,1.01633145,1.23840899
l12,C,fooof,parietal,1.03734205,1.28423873
l12,C,fooof,occipital,1.06958139,1.26302387
l13,A,lmer,frontal,2.028688656,-1.054696401
l13,A,lmer,central,2.867517301,-1.215767288
l13,A,lmer,parietal,2.487404459,-1.075033157
l13,A,lmer,occipital,2.724603538,-1.055557069
l13,A,fooof,frontal,0.87169751,1.11386293
l13,A,fooof,central,1.15225815,1.16561661
l13,A,fooof,parietal,0.8855305,1.03353951
l13,A,fooof,occipital,1.26909438,1.17869341
l13,B,lmer,frontal,2.515397551,-1.237008504
l13,B,lmer,central,3.451798035,-1.444553797
l13,B,lmer,parietal,2.905327815,-1.221391463
l13,B,lmer,occipital,3.070934468,-1.172985666
l13,B,fooof,frontal,1.063328496,1.402539756
l13,B,fooof,central,1.437963208,1.624383562
l13,B,fooof,parietal,1.170405123,1.43729717
l13,B,fooof,occipital,1.5791501,1.628179551
l13,C,lmer,frontal,1.506296534,-0.977016495
l13,C,lmer,central,2.561681042,-1.121340123
l13,C,lmer,parietal,2.468227573,-1.043629019
l13,C,lmer,occipital,2.553155162,-1.000611979
l13,C,fooof,frontal,0.6177,0.9994
l13,C,fooof,central,1.06271036,1.15378177
l13,C,fooof,parietal,0.87517486,0.93938245
l13,C,fooof,occipital,1.05576767,1.08826037
l14,A,lmer,frontal,2.1286746,-1.038827445
l14,A,lmer,central,2.290974495,-0.970312024
l14,A,lmer,parietal,2.701610249,-1.158667217
l14,A,lmer,occipital,2.624195012,-1.110061699
l14,A,fooof,frontal,0.90843772,1.02310154
l14,A,fooof,central,0.86735028,0.87230722
l14,A,fooof,parietal,1.07211717,1.10635008
l14,A,fooof,occipital,1.25143918,1.20501097
l14,B,lmer,frontal,1.766558032,-0.85863232
l14,B,lmer,central,1.767009007,-0.685745351
l14,B,lmer,parietal,2.012649423,-0.866504691
l14,B,lmer,occipital,2.016661265,-0.883551385
l14,B,fooof,frontal,0.678977863,0.855695642
l14,B,fooof,central,0.622350676,0.628681259
l14,B,fooof,parietal,0.714858743,0.810775524
l14,B,fooof,occipital,0.89183896,0.947084934
l14,C,lmer,frontal,2.396516344,-0.950933792
l14,C,lmer,central,2.510271351,-0.929863488
l14,C,lmer,parietal,2.815234107,-1.033421501
l14,C,lmer,occipital,2.738052484,-1.021294484
l14,C,fooof,frontal,0.9181,0.8893
l14,C,fooof,central,0.85967217,0.78392888
l14,C,fooof,parietal,0.96594972,0.88296776
l14,C,fooof,occipital,1.00823783,0.91884781
l15,A,lmer,frontal,2.168558367,-1.166969108
l15,A,lmer,central,3.900477063,-1.848055672
l15,A,lmer,parietal,3.787287349,-1.745826306
l15,A,lmer,occipital,3.390739516,-1.447107805
l15,A,fooof,frontal,0.93115852,1.15790477
l15,A,fooof,central,1.67868954,1.85522054
l15,A,fooof,parietal,1.65895974,1.76748261
l15,A,fooof,occipital,1.55718538,1.53545045
l15,B,lmer,frontal,1.544998345,-0.875107568
l15,B,lmer,central,3.898861473,-1.665259189
l15,B,lmer,parietal,4.052737416,-1.754320122
l15,B,lmer,occipital,3.866426397,-1.583887764
l15,B,fooof,frontal,0.606113253,0.926999706
l15,B,fooof,central,1.452667761,1.566879622
l15,B,fooof,parietal,1.529768598,1.639561857
l15,B,fooof,occipital,1.60372355,1.562294101
l15,C,lmer,frontal,2.531858003,-1.127077451
l15,C,lmer,central,3.828340459,-1.723742782
l15,C,lmer,parietal,3.939640394,-1.735741984
l15,C,lmer,occipital,3.784847744,-1.55909299
l15,C,fooof,frontal,1.2539,1.3348
l15,C,fooof,central,1.5690322,1.66741498
l15,C,fooof,parietal,1.6653632,1.73760496
l15,C,fooof,occipital,1.59638836,1.60776444
l16,A,lmer,frontal,2.514321751,-0.984897979
l16,A,lmer,central,4.624447874,-1.865990959
l16,A,lmer,parietal,4.642715885,-1.960794521
l16,A,lmer,occipital,3.990034334,-1.731555941
l16,A,fooof,frontal,0.80473303,0.80483764
l16,A,fooof,central,1.55153185,1.58707151
l16,A,fooof,parietal,1.78872257,1.88209527
l16,A,fooof,occipital,1.7080099,1.76909233
l16,B,lmer,frontal,3.135716502,-1.365672793
l16,B,lmer,central,5.01794914,-2.088238048
l16,B,lmer,parietal,4.833430325,-2.106529939
l16,B,lmer,occipital,4.167860648,-1.870218264
l16,B,fooof,frontal,0.91498451,1.075266358
l16,B,fooof,central,1.577384277,1.7021181
l16,B,fooof,parietal,1.560159429,1.771386831
l16,B,fooof,occipital,1.520836443,1.710463517
l16,C,lmer,frontal,2.508943072,-1.050945933
l16,C,lmer,central,3.527321846,-1.516579758
l16,C,lmer,parietal,3.463798622,-1.508633406
l16,C,lmer,occipital,3.58433006,-1.573651094
l16,C,fooof,frontal,0.7538,0.8261
l16,C,fooof,central,1.03712514,1.18595831
l16,C,fooof,parietal,1.1431884,1.29770788
l16,C,fooof,occipital,1.28736984,1.43032776
l17,A,lmer,frontal,1.953095146,-0.970264243
l17,A,lmer,central,3.135160995,-1.138185142
l17,A,lmer,parietal,3.226249965,-1.256478773
l17,A,lmer,occipital,3.074158369,-1.216438781
l17,A,fooof,frontal,0.93479752,1.09786383
l17,A,fooof,central,1.2963491,1.10773678
l17,A,fooof,parietal,1.3296893,1.22977378
l17,A,fooof,occipital,1.35967483,1.33492787
l17,B,lmer,frontal,2.620890031,-1.267472959
l17,B,lmer,central,3.880411405,-1.464249654
l17,B,lmer,parietal,3.806057019,-1.4906653
l17,B,lmer,occipital,3.334775888,-1.321278154
l17,B,fooof,frontal,1.15069483,1.472109146
l17,B,fooof,central,1.708278014,1.719400879
l17,B,fooof,parietal,1.619870277,1.693138625
l17,B,fooof,occipital,1.467552994,1.603145695
l17,C,lmer,frontal,2.266202142,-1.002459678
l17,C,lmer,central,2.951741709,-1.037329021
l17,C,lmer,parietal,2.944552945,-1.100190373
l17,C,lmer,occipital,2.985488734,-1.124612427
l17,C,fooof,frontal,0.9692,1.0482
l17,C,fooof,central,1.27021213,1.09110902
l17,C,fooof,parietal,1.2440641,1.17059628
l17,C,fooof,occipital,1.11942405,1.12968346
l18,A,lmer,frontal,2.194760172,-1.033510156
l18,A,lmer,central,3.634781496,-1.539044739
l18,A,lmer,parietal,3.248747674,-1.392221231
l18,A,lmer,occipital,2.98356911,-1.188978569
l18,A,fooof,frontal,0.93840725,1.01844192
l18,A,fooof,central,1.56776008,1.59691195
l18,A,fooof,parietal,1.43338586,1.50902447
l18,A,fooof,occipital,1.26151081,1.24964908
l18,B,lmer,frontal,3.056265443,-1.316716558
l18,B,lmer,central,3.919587126,-1.514254731
l18,B,lmer,parietal,3.550577754,-1.410233916
l18,B,lmer,occipital,3.161830431,-1.200301654
l18,B,fooof,frontal,1.237814631,1.379667512
l18,B,fooof,central,1.633679234,1.694913065
l18,B,fooof,parietal,1.511127135,1.614281421
l18,B,fooof,occipital,1.410760647,1.470494438
l18,C,lmer,frontal,3.597760937,-1.632971847
l18,C,lmer,central,3.810399728,-1.531265748
l18,C,lmer,parietal,3.237261514,-1.262244675
l18,C,lmer,occipital,3.082374277,-1.144969548
l18,C,fooof,frontal,1.5187,1.6879
l18,C,fooof,central,1.61587383,1.65137316
l18,C,fooof,parietal,1.42545766,1.47004086
l18,C,fooof,occipital,1.33768393,1.29371271
l19,A,lmer,frontal,1.607881588,-1.054999729
l19,A,lmer,central,3.103714916,-1.463163171
l19,A,lmer,parietal,3.127690727,-1.418873703
l19,A,lmer,occipital,3.077631027,-1.309805329
l19,A,fooof,frontal,0.67136385,1.03287594
l19,A,fooof,central,1.18849471,1.36564125
l19,A,fooof,parietal,1.2595637,1.39616737
l19,A,fooof,occipital,1.29432675,1.36138288
l19,B,lmer,frontal,2.371392469,-1.31747449
l19,B,lmer,central,4.106906733,-1.81300966
l19,B,lmer,parietal,3.949918737,-1.755521731
l19,B,lmer,occipital,3.418451265,-1.411914959
l19,B,fooof,frontal,0.869304084,1.295723763
l19,B,fooof,central,1.466630552,1.676263934
l19,B,fooof,parietal,1.482512833,1.725414178
l19,B,fooof,occipital,1.276912726,1.416452779
l19,C,lmer,frontal,2.614819739,-1.25464194
l19,C,lmer,central,3.268440281,-1.444819599
l19,C,lmer,parietal,3.413210752,-1.429424674
l19,C,lmer,occipital,3.335533041,-1.317157274
l19,C,fooof,frontal,1.617,1.3184
l19,C,fooof,central,1.41115152,1.50277006
l19,C,fooof,parietal,1.33660895,1.37616722
l19,C,fooof,occipital,1.2959941,1.27939058
l20,A,lmer,frontal,0.822242945,-0.952108092
l20,A,lmer,central,1.74569085,-1.054286964
l20,A,lmer,parietal,1.974385973,-1.025378874
l20,A,lmer,occipital,2.13454028,-1.014773325
l20,A,fooof,frontal,0.36334133,0.99389509
l20,A,fooof,central,0.61618589,0.94755143
l20,A,fooof,parietal,0.80016947,1.06332935
l20,A,fooof,occipital,0.99882638,1.21563774
l20,B,lmer,frontal,1.309725823,-1.097688345
l20,B,lmer,central,2.0192608,-1.104003666
l20,B,lmer,parietal,1.891298712,-1.000048476
l20,B,lmer,occipital,1.86289462,-0.834670492
l20,B,fooof,frontal,0.432770266,1.070691499
l20,B,fooof,central,0.658502759,0.996450263
l20,B,fooof,parietal,0.701654955,1.011242484
l20,B,fooof,occipital,0.766993299,0.951925502
l20,C,lmer,frontal,1.628525782,-1.173996374
l20,C,lmer,central,2.548649836,-1.25104116
l20,C,lmer,parietal,2.602160503,-1.171205131
l20,C,lmer,occipital,2.584630935,-1.173717047
l20,C,fooof,frontal,0.6507,1.1443
l20,C,fooof,central,0.99047126,1.17681224
l20,C,fooof,parietal,1.07395483,1.23162535
l20,C,fooof,occipital,1.15007928,1.32488865
l21,A,lmer,frontal,2.413044911,-0.983956221
l21,A,lmer,central,2.667919393,-0.94506425
l21,A,lmer,parietal,3.098135186,-1.174708514
l21,A,lmer,occipital,3.401389168,-1.216516941
l21,A,fooof,frontal,1.01865421,0.97387263
l21,A,fooof,central,1.09081961,0.91114604
l21,A,fooof,parietal,1.24193936,1.17541399
l21,A,fooof,occipital,1.47544713,1.35757987
l21,B,lmer,frontal,3.112275307,-1.303438168
l21,B,lmer,central,3.868291082,-1.512414792
l21,B,lmer,parietal,3.825639681,-1.525846764
l21,B,lmer,occipital,3.730653546,-1.437014079
l21,B,fooof,frontal,1.138886441,1.258570873
l21,B,fooof,central,1.401041389,1.454055243
l21,B,fooof,parietal,1.459138338,1.594392226
l21,B,fooof,occipital,1.499728929,1.625616277
l21,C,lmer,frontal,3.437975788,-1.231073135
l21,C,lmer,central,3.45447987,-1.2961966
l21,C,lmer,parietal,3.322562711,-1.253601072
l21,C,lmer,occipital,3.456718847,-1.205615506
l21,C,fooof,frontal,1.4411,1.2617
l21,C,fooof,central,1.39854147,1.31500533
l21,C,fooof,parietal,1.30651627,1.29946299
l21,C,fooof,occipital,1.39349476,1.30061571
l22,A,lmer,frontal,2.910702698,-1.421902519
l22,A,lmer,central,3.724057413,-1.624740639
l22,A,lmer,parietal,4.261042351,-1.803821516
l22,A,lmer,occipital,4.073345263,-1.756668703
l22,A,fooof,frontal,1.09449462,1.33858768
l22,A,fooof,central,1.32139913,1.46485572
l22,A,fooof,parietal,1.48431288,1.62632319
l22,A,fooof,occipital,1.47403629,1.66462116
l22,B,lmer,frontal,3.167213991,-1.59394998
l22,B,lmer,central,4.085440808,-1.823908473
l22,B,lmer,parietal,3.992555268,-1.793251059
l22,B,lmer,occipital,3.646606469,-1.63298169
l22,B,fooof,frontal,1.125571393,1.494411021
l22,B,fooof,central,1.465258674,1.718127934
l22,B,fooof,parietal,1.44638042,1.697875136
l22,B,fooof,occipital,1.371243531,1.620956653
l22,C,lmer,frontal,3.964243128,-1.715634522
l22,C,lmer,central,4.142540461,-1.699303293
l22,C,lmer,parietal,4.662654448,-1.87843974
l22,C,lmer,occipital,4.440617144,-1.782415261
l22,C,fooof,frontal,1.5023,1.6151
l22,C,fooof,central,1.46141365,1.51446941
l22,C,fooof,parietal,1.59134554,1.65564446
l22,C,fooof,occipital,1.54426899,1.62154579
l23,A,lmer,frontal,2.731492283,-1.233055723
l23,A,lmer,central,3.137264591,-1.202897789
l23,A,lmer,parietal,3.39543685,-1.318778945
l23,A,lmer,occipital,2.896307783,-1.202674448
l23,A,fooof,frontal,1.1089932,1.23300578
l23,A,fooof,central,1.1785615,1.15626247
l23,A,fooof,parietal,1.27968386,1.27565485
l23,A,fooof,occipital,1.0980106,1.18452337
l23,B,lmer,frontal,2.625101809,-1.277465179
l23,B,lmer,central,3.579552847,-1.453057914
l23,B,lmer,parietal,3.736976782,-1.55997235
l23,B,lmer,occipital,3.053076575,-1.334228848
l23,B,fooof,frontal,0.963182578,1.273253764
l23,B,fooof,central,1.319319657,1.476014937
l23,B,fooof,parietal,1.321928758,1.478021424
l23,B,fooof,occipital,1.051034096,1.270570457
l23,C,lmer,frontal,3.845466579,-1.534146281
l23,C,lmer,central,3.752901435,-1.359285223
l23,C,lmer,parietal,4.029681555,-1.412131579
l23,C,lmer,occipital,3.616093151,-1.210881177
l23,C,fooof,frontal,1.7147,1.6344
l23,C,fooof,central,1.49626536,1.32952707
l23,C,fooof,parietal,1.56815734,1.38620146
l23,C,fooof,occipital,1.39767401,1.19573449
l24,A,lmer,frontal,2.779475509,-1.513214562
l24,A,lmer,central,3.144169305,-1.480742828
l24,A,lmer,parietal,2.638644248,-1.524883843
l24,A,lmer,occipital,1.706739437,-1.301446668
l24,A,fooof,frontal,1.00360716,1.42488371
l24,A,fooof,central,1.094259,1.35088793
l24,A,fooof,parietal,0.7925728,1.35807853
l24,A,fooof,occipital,0.39475271,1.14401025
l24,B,lmer,frontal,2.352419963,-1.345224084
l24,B,lmer,central,3.117145017,-1.501804959
l24,B,lmer,parietal,2.419666036,-1.514287192
l24,B,lmer,occipital,1.036426628,-1.13794543
l24,B,fooof,frontal,0.830383658,1.318403152
l24,B,fooof,central,1.084044654,1.437406895
l24,B,fooof,parietal,0.759129127,1.496227319
l24,B,fooof,occipital,0.300261237,1.250621973
l24,C,lmer,frontal,3.062797853,-1.480341112
l24,C,lmer,central,3.901897673,-1.673894262
l24,C,lmer,parietal,4.401633102,-1.758567464
l24,C,lmer,occipital,3.979805466,-1.578638783
l24,C,fooof,frontal,1.0527,1.3398
l24,C,fooof,central,1.34633737,1.54155054
l24,C,fooof,parietal,1.4240825,1.5246205
l24,C,fooof,occipital,1.32472804,1.38795903
l25,A,lmer,frontal,3.344026324,-1.65227246
l25,A,lmer,central,3.487963517,-1.510055596
l25,A,lmer,parietal,3.341882825,-1.373918819
l25,A,lmer,occipital,3.066910291,-1.350412583
l25,A,fooof,frontal,1.29922194,1.62022782
l25,A,fooof,central,1.28310647,1.44949113
l25,A,fooof,parietal,1.24800502,1.37751021
l25,A,fooof,occipital,1.24324078,1.42631157
l25,B,lmer,frontal,3.386609282,-1.624482761
l25,B,lmer,central,3.823087842,-1.642012067
l25,B,lmer,parietal,3.724830096,-1.595224375
l25,B,lmer,occipital,3.217640919,-1.462936349
l25,B,fooof,frontal,1.0596325,1.393473694
l25,B,fooof,central,1.292204204,1.492342588
l25,B,fooof,parietal,1.361798481,1.60970155
l25,B,fooof,occipital,1.180978746,1.514877953
l25,C,lmer,frontal,3.065500174,-1.354148524
l25,C,lmer,central,3.299919107,-1.377286807
l25,C,lmer,parietal,3.074207263,-1.189681304
l25,C,lmer,occipital,2.63873455,-1.035678618
l25,C,fooof,frontal,1.1252,1.3129
l25,C,fooof,central,1.17638836,1.30370245
l25,C,fooof,parietal,1.05255419,1.12649773
l25,C,fooof,occipital,0.89019529,1.00843555
l26,A,lmer,frontal,2.943101564,-1.530066799
l26,A,lmer,central,3.391504488,-1.548162888
l26,A,lmer,parietal,3.237443345,-1.495109841
l26,A,lmer,occipital,2.866352241,-1.32000777
l26,A,fooof,frontal,1.17436096,1.48715618
l26,A,fooof,central,1.38009246,1.51756675
l26,A,fooof,parietal,1.30890989,1.45978161
l26,A,fooof,occipital,1.2814128,1.48653516
l26,B,lmer,frontal,3.764643804,-1.681919667
l26,B,lmer,central,4.099748079,-1.730465644
l26,B,lmer,parietal,3.878618633,-1.663742653
l26,B,lmer,occipital,3.339464822,-1.412402276
l26,B,fooof,frontal,1.405072852,1.629406849
l26,B,fooof,central,1.469349082,1.64036885
l26,B,fooof,parietal,1.401917722,1.577174615
l26,B,fooof,occipital,1.275042569,1.428660046
l26,C,lmer,frontal,2.646891532,-1.399663429
l26,C,lmer,central,3.278106014,-1.503594269
l26,C,lmer,parietal,3.130004532,-1.439635312
l26,C,lmer,occipital,2.749302689,-1.228695551
l26,C,fooof,frontal,0.9908,1.3364
l26,C,fooof,central,1.17105398,1.37746179
l26,C,fooof,parietal,1.27361174,1.50037955
l26,C,fooof,occipital,1.21066693,1.4288082
l27,A,lmer,frontal,1.356303228,-0.964509322
l27,A,lmer,central,2.292734757,-1.134612069
l27,A,lmer,parietal,2.407930031,-1.182847055
l27,A,lmer,occipital,2.813078075,-1.379690353
l27,A,fooof,frontal,0.55337264,0.93460679
l27,A,fooof,central,0.96927981,1.15432447
l27,A,fooof,parietal,0.90401515,1.09153531
l27,A,fooof,occipital,1.16475578,1.3725634
l27,B,lmer,frontal,2.177004879,-1.302153281
l27,B,lmer,central,3.326476789,-1.539117453
l27,B,lmer,parietal,3.091445681,-1.456428412
l27,B,lmer,occipital,2.678956516,-1.32988375
l27,B,fooof,frontal,0.86690571,1.394007859
l27,B,fooof,central,1.3703606,1.666754719
l27,B,fooof,parietal,1.284871254,1.615075166
l27,B,fooof,occipital,1.10419107,1.496950261
l27,C,lmer,frontal,1.254473868,-0.855953741
l27,C,lmer,central,2.462540733,-1.150255664
l27,C,lmer,parietal,2.656563408,-1.222532177
l27,C,lmer,occipital,2.773340724,-1.307737441
l27,C,fooof,frontal,0.5031,0.8195
l27,C,fooof,central,0.92855393,1.05081586
l27,C,fooof,parietal,0.97988412,1.12010392
l27,C,fooof,occipital,1.09605025,1.28136436
l28,A,lmer,frontal,2.801661024,-1.487688341
l28,A,lmer,central,3.831740562,-1.70834479
l28,A,lmer,parietal,4.23513357,-1.779143712
l28,A,lmer,occipital,4.597407697,-1.857835163
l28,A,fooof,frontal,1.06479491,1.41032273
l28,A,fooof,central,1.47032392,1.60933122
l28,A,fooof,parietal,1.55597446,1.65351246
l28,A,fooof,occipital,1.83254302,1.89208708
l28,B,lmer,frontal,2.191552241,-1.318177564
l28,B,lmer,central,3.900152388,-1.813605268
l28,B,lmer,parietal,3.881690571,-1.784830468
l28,B,lmer,occipital,3.494980497,-1.570071444
l28,B,fooof,frontal,0.740305787,1.234769572
l28,B,fooof,central,1.322116066,1.650940995
l28,B,fooof,parietal,1.34431834,1.654070888
l28,B,fooof,occipital,1.25195993,1.501768625
l28,C,lmer,frontal,1.832912365,-1.075140229
l28,C,lmer,central,3.046575109,-1.409175597
l28,C,lmer,parietal,3.758032334,-1.615707528
l28,C,lmer,occipital,4.202491355,-1.730176282
l28,C,fooof,frontal,0.6785,1.0037
l28,C,fooof,central,1.09769264,1.28094084
l28,C,fooof,parietal,1.36102342,1.49217682
l28,C,fooof,occipital,1.63093303,1.7000676
l29,A,lmer,frontal,2.63474998,-1.610208449
l29,A,lmer,central,3.303517662,-1.635361537
l29,A,lmer,parietal,3.310626725,-1.609880622
l29,A,lmer,occipital,3.322731988,-1.495002168
l29,A,fooof,frontal,0.90751438,1.50498071
l29,A,fooof,central,1.15533038,1.51316861
l29,A,fooof,parietal,1.1663916,1.49676666
l29,A,fooof,occipital,1.21174644,1.40307189
l29,B,lmer,frontal,2.6949493,-1.381700969
l29,B,lmer,central,2.992127453,-1.40379983
l29,B,lmer,parietal,3.098066578,-1.453937181
l29,B,lmer,occipital,2.884807563,-1.315726713
l29,B,fooof,frontal,0.69603719,1.013564489
l29,B,fooof,central,0.825354337,1.061728839
l29,B,fooof,parietal,0.976793344,1.203263547
l29,B,fooof,occipital,1.041277208,1.263692505
l29,C,lmer,frontal,2.439307843,-1.45418447
l29,C,lmer,central,2.892654487,-1.484334536
l29,C,lmer,parietal,3.150695702,-1.56163427
l29,C,lmer,occipital,3.264873281,-1.512757821
l29,C,fooof,frontal,0.8272,1.3542
l29,C,fooof,central,0.95466397,1.33715662
l29,C,fooof,parietal,1.12269799,1.44966792
l29,C,fooof,occipital,1.27142948,1.45472839
l30,A,lmer,frontal,3.697465019,-1.637821616
l30,A,lmer,central,3.547697774,-1.395017644
l30,A,lmer,parietal,3.476795937,-1.269352733
l30,A,lmer,occipital,3.254071628,-1.192587608
l30,A,fooof,frontal,1.46132836,1.59375144
l30,A,fooof,central,1.31435992,1.29311125
l30,A,fooof,parietal,1.28760525,1.25713242
l30,A,fooof,occipital,1.16962585,1.14724501
l30,B,lmer,frontal,3.952520187,-1.837876188
l30,B,lmer,central,4.092224195,-1.77481731
l30,B,lmer,parietal,3.774008138,-1.708202784
l30,B,lmer,occipital,3.186050371,-1.425705431
l30,B,fooof,frontal,1.511188366,1.754781168
l30,B,fooof,central,1.53395985,1.662591636
l30,B,fooof,parietal,1.381979321,1.560806803
l30,B,fooof,occipital,1.157059622,1.294515584
l30,C,lmer,frontal,3.598831689,-1.387204551
l30,C,lmer,central,3.282781454,-1.460015997
l30,C,lmer,parietal,3.635620019,-1.503341916
l30,C,lmer,occipital,3.350634683,-1.392765747
l30,C,fooof,frontal,1.5672,1.395
l30,C,fooof,central,1.24278598,1.37522501
l30,C,fooof,parietal,1.28020166,1.37945667
l30,C,fooof,occipital,1.20985811,1.30357634
