"","X.Intercept.","lgHz"
"a01:b01",0.988687626764461,-0.480392927083279
"a01:b02",0.952362218480897,-0.456513648062889
"a01:b03",0.931663742941515,-0.489309706621522
"a01:b04",1.35620120449034,-0.697018078740183
"a01:b05",1.30465949346929,-0.682671622880343
"a01:b06",1.55639416061145,-0.802379616361709
"a01:b07",1.52402464923776,-0.745830618547475
"a01:b08",1.58335175210353,-0.816020081372525
"a01:b09",1.82606643112562,-0.88958595704311
"a01:b10",1.74933878945924,-0.898393913604994
"a01:b11",1.60129768577118,-0.800892527551442
"a01:b12",2.03944683441845,-0.963283483521225
"a01:b13",1.84744947774899,-0.928097869807407
"a01:b14",1.98535950106588,-0.947478398056462
"a01:b15",2.06655803100647,-0.983930242697837
"a01:b16",1.82505532012761,-0.877931064446831
"a01:b17",1.8788983292695,-0.934543448515712
"a01:b18",1.78383832204304,-0.879887111499823
"a01:b19",1.6801350366512,-0.806293851766757
"a01:b20",1.81846420778587,-0.866661525118186
"a01:posttest",0.948053558200431,-0.550936455141664
"a01:pretest",1.33722514231069,-0.821092472412526
"a02:b01",1.57165462548871,-0.690101551640314
"a02:b02",1.36050628864036,-0.575136190230722
"a02:b03",1.20290896109706,-0.436570351897308
"a02:b04",1.53677700505034,-0.647087209937981
"a02:b05",1.4647380140571,-0.62829273037985
"a02:b06",1.44044257883489,-0.58188033507951
"a02:b07",1.57760849853749,-0.638360075011653
"a02:b08",1.66667799799612,-0.638501538748211
"a02:b09",1.48342832398206,-0.575517221703798
"a02:b10",1.38274325097715,-0.531714601416041
"a02:b11",1.14613507083142,-0.477211080590705
"a02:b12",1.03095888181138,-0.400017279997702
"a02:b13",1.36032662917195,-0.558703593847496
"a02:b14",1.0284398341025,-0.407444052024981
"a02:b15",1.222054463844,-0.503274097845509
"a02:b16",1.15723743881085,-0.460602395836349
"a02:b17",1.25375339570853,-0.504293300396937
"a02:b18",1.11346175002063,-0.465488900469014
"a02:b19",1.04688995165569,-0.413331073602568
"a02:b20",1.73252236532661,-0.744233824319386
"a02:posttest",1.14253156734208,-0.468197029853402
"a02:pretest",1.04836146974015,-0.576862471009917
"a03:b01",-1.93549590192238,-1.79780140385664
"a03:b02",2.39521825472758,-1.18082018785678
"a03:b03",2.55985381853123,-1.23987049991386
"a03:b04",2.68359854649705,-1.27491998256433
"a03:b05",2.58670211739068,-1.26005883274978
"a03:b06",2.52160902671182,-1.23799756210865
"a03:b07",2.6031273983067,-1.29954675393617
"a03:b08",2.91175863739599,-1.40757652718022
"a03:b09",2.36819192294662,-1.14977155393757
"a03:b10",2.67610611188567,-1.27385030528031
"a03:b11",2.56099985018623,-1.27516423289627
"a03:b12",2.57178156117462,-1.2523500757596
"a03:b13",2.70559513998915,-1.30262936611884
"a03:b14",2.57630730862221,-1.31237972748194
"a03:b15",3.30962126346177,-1.58856007897338
"a03:b16",2.86489153148917,-1.45137570172379
"a03:b17",2.50119851382538,-1.24660376223297
"a03:b18",2.98407005097752,-1.44733986325435
"a03:b19",3.016389871345,-1.44662132844875
"a03:b20",2.81379555015554,-1.40627478627557
"a03:posttest",3.50575896883976,-1.44394885714076
"a03:pretest",3.101061121788,-1.50607358614737
"a04:b01",1.73948073351936,-0.932676825847667
"a04:b02",2.04612417837048,-1.16863073085559
"a04:b03",1.87468919985397,-1.12280493852234
"a04:b04",2.03663072815081,-1.21805545790303
"a04:b05",2.17773243622701,-1.27464683897993
"a04:b06",1.93885680524355,-1.2051647648976
"a04:b07",2.1837920431246,-1.29035118231441
"a04:b08",2.31589435191822,-1.38673479014239
"a04:b09",1.96044334483794,-1.23650591226929
"a04:b10",2.32205339299011,-1.36859870209546
"a04:b11",2.56950095730448,-1.52675785173941
"a04:b12",2.21208057473524,-1.36162659764088
"a04:b13",2.20205845219044,-1.36983383260501
"a04:b14",2.20579118862411,-1.36586424225819
"a04:b15",2.48623646882433,-1.41711764709975
"a04:b16",2.22544801820893,-1.34212074099077
"a04:b17",2.2444081807022,-1.36917783122672
"a04:b18",2.04540864652062,-1.22266282676622
"a04:b19",1.8320817102246,-1.1588752203595
"a04:b20",1.92651356129891,-1.18817608223183
"a04:posttest",3.10754509925828,-1.18457596288939
"a04:pretest",2.50902854973271,-1.29024650518479
"a05:b01",1.4528570723206,-0.834109722121007
"a05:b02",1.71175940307144,-0.951257824168888
"a05:b03",1.61292248366761,-0.936489412524864
"a05:b04",1.97263134198583,-1.06085854691712
"a05:b05",1.63151844878304,-0.92536061229373
"a05:b06",1.47206460865839,-0.856840550047196
"a05:b07",1.97434993820357,-1.02559181241814
"a05:b08",1.91745972781869,-0.973652285411429
"a05:b09",1.92616759516838,-0.995052182525716
"a05:b10",1.89602488470791,-0.959142908775762
"a05:b11",1.2215925047505,-0.699721726700197
"a05:b12",1.34089196110893,-0.745940578613255
"a05:b13",1.40142523796026,-0.732351659093774
"a05:b14",1.38059492010901,-0.696711677750578
"a05:b15",1.53725117564085,-0.73630814786038
"a05:b16",0.914520562992199,-0.419532109241235
"a05:b17",1.65295310622684,-0.801227418834886
"a05:b18",2.1590511290997,-0.990761963127974
"a05:b19",1.91932588883691,-0.870604623474978
"a05:b20",1.53068041573143,-0.755502585275258
"a05:posttest",1.44056307856383,-0.717310513226136
"a05:pretest",0.968296278771161,-0.6713171116019
"a06:b01",1.62761417461133,-0.679854797588378
"a06:b02",1.80181480326003,-0.884809601269871
"a06:b03",2.26122444372564,-1.07324755582594
"a06:b04",2.2541958416146,-1.07598595094275
"a06:b05",2.78527042383406,-1.35340060928408
"a06:b06",2.61376667148469,-1.29060326477573
"a06:b07",2.5142575944984,-1.21412416046282
"a06:b08",2.22838352478278,-1.05212495496954
"a06:b09",2.10977236412953,-0.982656893198878
"a06:b10",3.00558512286291,-1.38769941657529
"a06:b11",2.95884223144765,-1.355606677873
"a06:b12",2.89297058363373,-1.41129134252011
"a06:b13",2.91559340310345,-1.35839508273085
"a06:b14",2.87085660910747,-1.33686934061595
"a06:b15",2.86372632507041,-1.32729220206257
"a06:b16",2.80549005595279,-1.29996846196728
"a06:b17",2.59106054115737,-1.21347647375552
"a06:b18",2.79923268612564,-1.2749903433525
"a06:b19",3.06255069714679,-1.44675518572461
"a06:b20",2.56050887392455,-1.26893476532504
"a06:posttest",3.80360559654499,-1.36257320834888
"a06:pretest",2.35040186753696,-1.07976764076857
"a07:b01",1.43233451154497,-0.381671945018458
"a07:b02",1.71491181363595,-0.588393199074348
"a07:b03",1.6409357183257,-0.514172755733841
"a07:b04",1.83097135421959,-0.617022586281096
"a07:b05",1.39681657784692,-0.41601212371593
"a07:b06",1.30088344857777,-0.348597239699394
"a07:b07",1.25059440798832,-0.358320498040171
"a07:b08",1.2294819830964,-0.292749831888984
"a07:b09",1.4452399206883,-0.466113702738166
"a07:b10",1.7077901987574,-0.619709055446709
"a07:b11",1.7815812188957,-0.690137767194165
"a07:b12",1.90745061691683,-0.746461010662542
"a07:b13",1.74816466859866,-0.65016513859414
"a07:b14",1.57899148322165,-0.621336865580717
"a07:b15",1.72268556479336,-0.632273358786813
"a07:b16",1.55081093596492,-0.513770854753788
"a07:b17",1.32772822802979,-0.424200157777559
"a07:b18",1.57799357880691,-0.497467955129944
"a07:b19",1.59686954830396,-0.549623946244875
"a07:b20",1.20774151392036,-0.306299003291217
"a07:posttest",2.2286955294152,-0.432102231837823
"a07:pretest",1.32234205891272,-0.260870650802651
"a08:b01",3.41626062258235,-1.5865511753249
"a08:b02",3.04286905839891,-1.45989211091564
"a08:b03",3.19267529564787,-1.49548224614418
"a08:b04",3.04974012938195,-1.47698766583694
"a08:b05",3.19292770153966,-1.50166778658426
"a08:b06",3.00164024282555,-1.47530203469894
"a08:b07",3.0903882846056,-1.48749016079723
"a08:b08",3.26601397917858,-1.54356061468845
"a08:b09",3.28677583942159,-1.5783390073081
"a08:b10",3.12990817793157,-1.53079097127885
"a08:b11",3.05400541483881,-1.50096593681765
"a08:b12",3.14501055488178,-1.47698506733194
"a08:b13",2.98047098165489,-1.41113777941515
"a08:b14",3.21229080861561,-1.5544141123427
"a08:b15",3.02059176651685,-1.43052023143295
"a08:b16",3.18880854884578,-1.48504216960986
"a08:b17",3.32866298550532,-1.48007689834914
"a08:b18",2.88761108889924,-1.2755213705468
"a08:b19",3.19237953355793,-1.51702595168311
"a08:b20",2.73796686103276,-1.23690241479919
"a08:posttest",3.35212961845249,-1.84256967075706
"a08:pretest",2.72978538683413,-1.51184697091704
"a09:b01",3.3824759113242,-1.53576539311417
"a09:b02",3.32262966486164,-1.53027161893753
"a09:b03",3.41950089286427,-1.6188074476455
"a09:b04",3.54815837604542,-1.61574001879991
"a09:b05",3.59416291250408,-1.58979328228353
"a09:b06",4.04065470820422,-1.78230001489557
"a09:b07",4.05214797735029,-1.77449842363523
"a09:b08",3.93376163592281,-1.73809872783228
"a09:b09",3.6698746597325,-1.60384839105222
"a09:b10",3.558710034118,-1.61281871667963
"a09:b11",3.42969328746403,-1.61048250600893
"a09:b12",3.72272505823148,-1.65986358586861
"a09:b13",3.51519864226155,-1.63319950728675
"a09:b14",3.34594068137406,-1.55050399604624
"a09:b15",3.29132967344668,-1.50495608498948
"a09:b16",3.21918780547307,-1.52603660190439
"a09:b17",3.37467095090706,-1.54244729868404
"a09:b18",3.59930739360263,-1.60046657628801
"a09:b19",3.56908364051738,-1.57538119405281
"a09:b20",3.5433860194508,-1.61039593907418
"a09:posttest",3.51976355311969,-1.02995856523543
"a09:pretest",2.97628081721581,-1.44270537328812
"a10:b01",1.31196846731113,-0.73394719255485
"a10:b02",1.76989073314636,-1.03777057394088
"a10:b03",2.06502649099033,-1.19028108859988
"a10:b04",2.11963207432947,-1.23172739195576
"a10:b05",2.35191446802658,-1.36633990412593
"a10:b06",2.30277519427794,-1.35653291553736
"a10:b07",2.20770114159538,-1.33294579264644
"a10:b08",2.5552307058662,-1.48689298846126
"a10:b09",2.13047300514271,-1.30477605130349
"a10:b10",2.37628314861065,-1.37149054176465
"a10:b11",2.60201332227047,-1.50347132331732
"a10:b12",2.70840543232483,-1.62042945730298
"a10:b13",2.76818958940648,-1.64353423723117
"a10:b14",2.58825955349214,-1.57992431246794
"a10:b15",2.84713769527675,-1.61811103135995
"a10:b16",2.96849459093944,-1.72036588516811
"a10:b17",2.72771211489592,-1.61871297624463
"a10:b18",3.15290405505702,-1.77425947202848
"a10:b19",2.95539496428207,-1.73544167673868
"a10:b20",3.21980850131165,-1.84795410195674
"a10:posttest",2.58002387381375,-1.62325892711259
"a10:pretest",1.68482989840934,-1.09560998511469
"a11:b01",2.74565799054013,-1.0861518915807
"a11:b02",2.7779408405319,-1.1553113856175
"a11:b03",3.19725821071176,-1.33960648873809
"a11:b04",2.94673719526471,-1.21383409098783
"a11:b05",3.02381587994384,-1.23569925254586
"a11:b06",2.90035829265555,-1.2403022253737
"a11:b07",3.08161538580201,-1.27892091682393
"a11:b08",3.21530180886383,-1.33602728938117
"a11:b09",3.09574927946729,-1.28611293783362
"a11:b10",3.12589793784223,-1.31560645842954
"a11:b11",3.02156774036046,-1.28026874138109
"a11:b12",3.16788883070644,-1.30624607370672
"a11:b13",3.09502570979313,-1.33168432797469
"a11:b14",3.253287149608,-1.36982618301824
"a11:b15",3.13229786340456,-1.3189981539616
"a11:b16",3.07699706993073,-1.30510383317606
"a11:b17",3.09139221460694,-1.29922847545469
"a11:b18",3.15571041945029,-1.33620926857353
"a11:b19",3.17021773942765,-1.32729965712228
"a11:b20",3.04863017435041,-1.25544146140343
"a11:posttest",2.82235452241015,-1.33333920732362
"a11:pretest",2.66685965750488,-1.27898909907136
"a12:b01",2.14895893957109,-1.06379409679708
"a12:b02",2.06919585703227,-1.06507206189683
"a12:b03",1.70254892503424,-0.937402887910783
"a12:b04",1.78777428636729,-0.945833767793095
"a12:b05",1.90814136846812,-0.98182558782354
"a12:b06",2.06162835285713,-1.0631885533997
"a12:b07",1.81335015000258,-0.966512369403653
"a12:b08",1.85530639207428,-0.954218796637182
"a12:b09",1.75371642576226,-0.926248484209874
"a12:b10",1.8728952864434,-0.962094271914747
"a12:b11",1.80132815778275,-0.938658587555629
"a12:b12",2.12082130891462,-1.08771369034111
"a12:b13",2.08173430840607,-1.06835957770094
"a12:b14",2.07802834361971,-1.05636081379511
"a12:b15",1.92297120086886,-1.01661844625604
"a12:b16",2.03974437719411,-1.05702568337234
"a12:b17",2.02074051727806,-1.01235006033315
"a12:b18",2.05570472407052,-1.04337545810797
"a12:b19",2.01301612995998,-1.02960250140918
"a12:b20",2.18972618948727,-1.09057519653662
"a12:posttest",1.96361772608905,-1.02367680040362
"a12:pretest",2.05294538215108,-1.12055053233728
"a13:b01",2.57060533081977,-1.10513916555563
"a13:b02",2.26386742041349,-1.0450721056597
"a13:b03",2.42036638216757,-1.11016886321591
"a13:b04",2.43269447172351,-1.13657222821549
"a13:b05",2.69551976420104,-1.24274358881173
"a13:b06",2.74487669447967,-1.27073056853124
"a13:b07",2.73500135608858,-1.23723139738267
"a13:b08",2.85843806846637,-1.3206932322865
"a13:b09",2.90145234831039,-1.33351992516747
"a13:b10",2.72508754797428,-1.30622566121143
"a13:b11",2.78183004197619,-1.24972451975179
"a13:b12",2.66497467629971,-1.2348323624963
"a13:b13",2.90612366752669,-1.36147704474551
"a13:b14",2.89591327426188,-1.36330349135324
"a13:b15",3.29838343652377,-1.55215021282439
"a13:b16",2.73080200603212,-1.36186084493222
"a13:b17",2.92061366460318,-1.38847883887154
"a13:b18",2.87366253735194,-1.38328641658206
"a13:b19",2.62477599776688,-1.21271420664326
"a13:b20",3.17086654649556,-1.48330882492227
"a13:posttest",3.34377566888305,-1.50797323264764
"a13:pretest",2.90886513602244,-1.48281134683382
"a14:b01",1.92957904521899,-1.10118234518373
"a14:b02",2.09762122495814,-1.15405295006098
"a14:b03",2.27961077197453,-1.22557963130801
"a14:b04",2.30142706636902,-1.25212936302805
"a14:b05",2.36523793252814,-1.30695055052826
"a14:b06",2.15170091233855,-1.20287929444238
"a14:b07",2.08676358822184,-1.18505334049991
"a14:b08",2.69088099088419,-1.41795296264825
"a14:b09",2.19062332374566,-1.20271693584165
"a14:b10",2.67664206497282,-1.37676719977655
"a14:b11",2.46180460137158,-1.32718485441511
"a14:b12",2.69777773179707,-1.39798359811181
"a14:b13",1.86086333663963,-1.09269730397298
"a14:b14",2.36230563047611,-1.29508567462342
"a14:b15",2.49945122127469,-1.38913401141324
"a14:b16",2.48999965102249,-1.37542312232965
"a14:b17",2.62176063907649,-1.41117497932648
"a14:b18",2.55447238270048,-1.38388973805846
"a14:b19",2.47546053168581,-1.38850142046951
"a14:b20",2.51731448532962,-1.36395593260655
"a14:posttest",1.76602011520032,-0.871891581375503
"a14:pretest",1.25901706813901,-0.796809884220137
"a15:b01",2.94709586068032,-1.41898319641969
"a15:b02",2.96602639768432,-1.48325858361659
"a15:b03",3.08382419161334,-1.57481275776367
"a15:b04",3.05735747241839,-1.60196461157101
"a15:b05",3.25442647056503,-1.64149934060454
"a15:b06",3.03723762788774,-1.58896690346866
"a15:b07",3.01798516315764,-1.54242341155572
"a15:b08",3.35459875565163,-1.68553785241867
"a15:b09",3.44398597076951,-1.7126386698996
"a15:b10",3.17799411149924,-1.6731018446531
"a15:b11",3.0275456201126,-1.61178774412618
"a15:b12",3.30496025195125,-1.70545671487581
"a15:b13",3.06001055812617,-1.58097177171849
"a15:b14",3.22009765699841,-1.66800101680776
"a15:b15",3.1473995555006,-1.63526540605976
"a15:b16",3.14324383370781,-1.64255360851506
"a15:b17",3.46813883330184,-1.82788605475773
"a15:b18",3.10861431493942,-1.63901341261088
"a15:b19",3.21859100698752,-1.64328987512273
"a15:b20",3.14028732342411,-1.63849473405868
"a15:posttest",3.87259551776912,-1.25530765244892
"a15:pretest",3.72984498184804,-1.89567024493309
"a16:b01",2.53082255612389,-1.39210486938548
"a16:b02",2.46916718946063,-1.38191825313673
"a16:b03",2.36388105047998,-1.28104884561127
"a16:b04",2.28956586903122,-1.22895589768792
"a16:b05",2.34521676280141,-1.30860220617177
"a16:b06",2.72834408302625,-1.49136655533861
"a16:b07",2.68555895676736,-1.50646232911261
"a16:b08",2.89128316357911,-1.66909780497551
"a16:b09",2.83837261998989,-1.60482350233596
"a16:b10",2.75720968545998,-1.55231711180755
"a16:b11",2.59435587027043,-1.50190064753003
"a16:b12",2.9988000620342,-1.67832092947061
"a16:b13",2.70908887894146,-1.52485064399617
"a16:b14",2.69694502275259,-1.5034151231392
"a16:b15",2.77869850192142,-1.58802155843494
"a16:b16",2.9558002670398,-1.6612637610618
"a16:b17",2.74527471595583,-1.57002234440229
"a16:b18",2.75967635919131,-1.58033140933473
"a16:b19",2.94222465096234,-1.68381585775026
"a16:b20",3.08084928326177,-1.71192698881985
"a16:posttest",2.75831994563393,-1.51724782536539
"a16:pretest",2.31036303976646,-1.4610570673772
"a17:b01",3.88390055917707,-1.80064556589129
"a17:b02",3.73596232709784,-1.74978484783035
"a17:b03",3.62551647584808,-1.68058876496712
"a17:b04",3.79048497608637,-1.72620577996173
"a17:b05",3.74469193343328,-1.73959143175753
"a17:b06",3.75489841295549,-1.73287474133828
"a17:b07",3.94451155643311,-1.82457491453449
"a17:b08",3.74003056326524,-1.73627544992261
"a17:b09",3.7045280350358,-1.72477618168323
"a17:b10",3.97099781580988,-1.86402932199223
"a17:b11",3.75637088992168,-1.76991948240099
"a17:b12",3.75926683126474,-1.77250896758176
"a17:b13",3.8312074104345,-1.76958757808257
"a17:b14",3.73420732309544,-1.74590414590464
"a17:b15",3.9224235378106,-1.79981801899491
"a17:b16",3.824633955496,-1.77520217521247
"a17:b17",4.00438301129265,-1.80793625113431
"a17:b18",3.87817252270207,-1.77798504527858
"a17:b19",3.49528576445845,-1.63290882411503
"a17:b20",3.79516573674707,-1.72538007107162
"a17:posttest",3.58751378781793,-1.84624866834548
"a17:pretest",3.24626648579275,-1.76054377605709
"a18:b01",2.22230268403073,-1.04318932267432
"a18:b02",2.67066982282305,-1.2443615607159
"a18:b03",2.74598774703391,-1.31115745406565
"a18:b04",2.81663287577912,-1.34349738793891
"a18:b05",2.97256984174361,-1.39122354641386
"a18:b06",3.05396435219166,-1.47779812180853
"a18:b07",3.55709971076791,-1.74547277890136
"a18:b08",2.90499898252019,-1.47502536822572
"a18:b09",3.44265440509413,-1.68891807086827
"a18:b10",3.04233846376517,-1.5112363330209
"a18:b11",3.39594676832462,-1.66067408643891
"a18:b12",3.30344237935212,-1.64651266327123
"a18:b13",3.53050948817368,-1.7215099259219
"a18:b14",3.38206221517459,-1.70656209919765
"a18:b15",3.53050105509034,-1.74310913848187
"a18:b16",3.29705424483935,-1.59957323860863
"a18:b17",3.02484935011493,-1.45148930903591
"a18:b18",3.06790172427058,-1.51113835075097
"a18:b19",3.36167128064346,-1.67370518426718
"a18:b20",3.41267071347475,-1.70317375649837
"a18:posttest",3.42468975775125,-1.54331905993996
"a18:pretest",3.38405204226687,-1.71393419596838
"a19:b01",3.43717400188888,-1.65837339697468
"a19:b02",3.83124642752121,-1.85509396265787
"a19:b03",3.68645612946867,-1.84723623894178
"a19:b04",3.67889248288928,-1.78899717285653
"a19:b05",3.77136763630395,-1.90518108987909
"a19:b06",3.99655318223434,-1.90547445151415
"a19:b07",3.71961213725439,-1.8604605953663
"a19:b08",3.68931808983309,-1.89770432706777
"a19:b09",3.94283913871792,-1.93401991380845
"a19:b10",4.01571917476821,-1.94943812922274
"a19:b11",4.15329613475685,-1.97342559750441
"a19:b12",3.76713999505838,-1.83194620254566
"a19:b13",3.42035414403006,-1.67835526129211
"a19:b14",4.04273388096405,-1.91402223721516
"a19:b15",4.34685401117806,-2.03285166768653
"a19:b16",4.01171067043825,-1.92906370410547
"a19:b17",4.24287362212503,-2.00757445494139
"a19:b18",3.88983570339418,-1.94487883362559
"a19:b19",4.04811575456951,-1.97115692766563
"a19:b20",3.8430004656,-1.89714295428605
"a19:posttest",3.87808673119394,-1.6896655890025
"a19:pretest",3.37063704150183,-1.74066603709311
"a20:b01",2.48582750412624,-1.07166037126024
"a20:b02",2.44174747722312,-1.02349839059749
"a20:b03",2.5717179689213,-1.07488317368636
"a20:b04",2.58146082617738,-1.10171095521742
"a20:b05",2.70337238471225,-1.14017552389359
"a20:b06",2.75097457628628,-1.17737319896577
"a20:b07",2.47645293379481,-1.08544369910375
"a20:b08",2.72343286649045,-1.17224975909676
"a20:b09",2.63921542676027,-1.15908183614558
"a20:b10",2.398481711127,-1.09244572486828
"a20:b11",2.58360306904878,-1.07390143785757
"a20:b12",2.61966225355064,-1.1023053096585
"a20:b13",2.70067592134908,-1.15770756639565
"a20:b14",2.48464447218753,-1.06091894892049
"a20:b15",2.41699514975023,-1.01973155594775
"a20:b16",2.68836152277465,-1.13928598246919
"a20:b17",2.86609225949633,-1.19819794396022
"a20:b18",2.88115803017339,-1.21160576744074
"a20:b19",2.53989628561446,-1.04030963352489
"a20:b20",2.76774078629963,-1.16368724530424
"a20:posttest",4.00059500690539,-1.15785624246725
"a20:pretest",3.4639520633018,-1.50148844942678
"a21:b01",1.08572848946351,-0.717068146701043
"a21:b02",1.12690216375075,-0.767022481915825
"a21:b03",1.61035541747141,-0.989313920004374
"a21:b04",1.43068907178139,-0.936745982887915
"a21:b05",1.36895365265531,-0.932594271743262
"a21:b06",1.047147187433,-0.770126822040995
"a21:b07",1.36998684684684,-0.945123303488065
"a21:b08",1.18345304606979,-0.845920608029624
"a21:b09",1.60859281780644,-1.02408148472004
"a21:b10",1.56572024414005,-1.00887691445423
"a21:b11",1.47102090137496,-0.996816160221118
"a21:b12",1.27954699259338,-0.888179064966787
"a21:b13",1.67355222398734,-1.07133686286035
"a21:b14",1.86549426970981,-1.14230999303023
"a21:b15",1.35847928905564,-0.929931292515982
"a21:b16",1.20047897460243,-0.859322272112452
"a21:b17",1.46234112792123,-0.971380939932345
"a21:b18",1.7318263332989,-1.11061337125701
"a21:b19",1.27173774028976,-0.885379603172487
"a21:b20",1.65112360725657,-1.03022077664491
"a21:posttest",1.20562756779858,-0.727307823855622
"a21:pretest",0.421169740147862,-0.458375267643111
"a22:b01",1.86810382482198,-1.11697548655121
"a22:b02",1.66277934119913,-1.10097582667196
"a22:b03",1.55627617598158,-1.10300018768058
"a22:b04",1.27744687474277,-1.04077676001672
"a22:b05",1.38709425309383,-1.07310420428555
"a22:b06",1.39508858833277,-1.09855928978194
"a22:b07",1.39338561785657,-1.13739520342095
"a22:b08",1.33231436844919,-1.07982381261082
"a22:b09",1.3582730612735,-1.08083979664553
"a22:b10",1.45575540170351,-1.16350411147021
"a22:b11",1.30315116700062,-1.0877583875074
"a22:b12",1.28353207592739,-1.11075983500432
"a22:b13",1.63208294848597,-1.17992565057288
"a22:b14",1.33893169870074,-1.10399225627274
"a22:b15",1.24842165062231,-1.02475701736889
"a22:b16",1.18919210413585,-1.03927338021251
"a22:b17",1.39488058106465,-1.1126427626568
"a22:b18",0.944672736738475,-0.948234645627547
"a22:b19",1.36597228603579,-1.07684376856505
"a22:b20",1.18437143733283,-1.00397539494423
"a22:posttest",1.82551021298771,-1.17670473673752
"a22:pretest",1.23208326588701,-1.06710016358899
"a23:b01",2.68503826254739,-1.2264770045956
"a23:b02",2.40898462501005,-1.14274702624224
"a23:b03",2.48444961802853,-1.15913765122321
"a23:b04",2.82053028769069,-1.28115034944729
"a23:b05",2.69829744061207,-1.26973087145631
"a23:b06",2.50850806180978,-1.19668900295102
"a23:b07",2.61398385790199,-1.23529851422481
"a23:b08",2.74256583642816,-1.29248200456653
"a23:b09",2.81745010068041,-1.26723500509603
"a23:b10",2.64638734595526,-1.25979557522428
"a23:b11",2.69973792160322,-1.25613219658428
"a23:b12",2.74621047020008,-1.21096620639149
"a23:b13",2.71941296575508,-1.17956419264902
"a23:b14",2.67212370589955,-1.20734904137051
"a23:b15",2.71278698193096,-1.23881649955625
"a23:b16",2.820559061713,-1.25764318230929
"a23:b17",2.76684812162677,-1.28102330364128
"a23:b18",2.81148092967308,-1.31167895730623
"a23:b19",2.58293979643893,-1.16912122810338
"a23:b20",2.71321347553379,-1.29363730850646
"a23:posttest",2.08679751611097,-0.923625858247247
"a23:pretest",2.43475246437857,-1.0904154866567
"a24:b01",1.94761364085747,-1.36757264819572
"a24:b02",2.23148252425956,-1.54792261273739
"a24:b03",-0.627455559694525,-0.379693580164847
"a24:b04",2.91890155131113,-1.87904529647332
"a24:b05",2.38364529036504,-1.67289135810935
"a24:b06",2.6215651982432,-1.75739645139282
"a24:b07",2.32124943933087,-1.60710232581551
"a24:b08",2.60815101935229,-1.73401640833651
"a24:b09",2.33097851828955,-1.59591731272398
"a24:b10",2.67201955334851,-1.80450059540683
"a24:b11",3.00198702615332,-1.89119759634787
"a24:b12",3.11885775685457,-1.92858479348445
"a24:b13",2.36769983572665,-1.62871073337821
"a24:b14",2.33852228067662,-1.62757317166888
"a24:b15",2.40098796502082,-1.63494837514859
"a24:b16",2.39063798370807,-1.67206991880651
"a24:b17",2.54705172381691,-1.76021777276434
"a24:b18",2.39550134326902,-1.64047010095623
"a24:b19",2.33186395545826,-1.6055849058376
"a24:b20",2.52656314794518,-1.68411420978249
"a24:posttest",2.56821197243795,-1.60471406526937
"a24:pretest",2.0651351558437,-1.47595823026159
"a26:b01",1.60772840635207,-0.833644495708608
"a26:b02",1.32314996866404,-0.683695388511044
"a26:b03",1.26928232057777,-0.641978325819138
"a26:b04",1.38820224262205,-0.701398460456674
"a26:b05",1.61681758883667,-0.790030786051876
"a26:b06",1.52603146459307,-0.776698609740751
"a26:b07",1.23523320687667,-0.663911379825941
"a26:b08",1.206170508556,-0.656602679611766
"a26:b09",1.47453270388979,-0.718414535675512
"a26:b10",1.37669226648193,-0.667058692353176
"a26:b11",1.32290480323433,-0.689693980455878
"a26:b12",1.45010809694252,-0.722004517751239
"a26:b13",1.50828202847715,-0.746285918155083
"a26:b14",1.42358539438402,-0.725705977806794
"a26:b15",1.7364781853342,-0.826781393123527
"a26:b16",1.433210159436,-0.690795129343679
"a26:b17",1.27756553774374,-0.677464998879567
"a26:b18",1.11168957358392,-0.582177607437766
"a26:b19",1.44097554005903,-0.737032992232863
"a26:b20",1.23792086720066,-0.66586953255437
"a26:posttest",3.19285967692368,-1.00215968901202
"a26:pretest",2.5799695671035,-1.36164170644919
"a27:b01",2.09671171034074,-0.858894971287038
"a27:b02",2.27172765558133,-0.962829015237749
"a27:b03",2.78289501020915,-1.26943874898743
"a27:b04",2.9408631626367,-1.34395550192062
"a27:b05",3.08145179915846,-1.40264334220438
"a27:b06",3.11038231272426,-1.46133436603204
"a27:b07",2.97451508928569,-1.38133043364838
"a27:b08",3.07435898504654,-1.42085266514644
"a27:b09",3.39992520287666,-1.58309151772656
"a27:b10",3.48347450584654,-1.64318851525354
"a27:b11",3.00956739221842,-1.38107223803206
"a27:b12",3.05488519699357,-1.39034639089995
"a27:b13",3.14359202346162,-1.4064007294638
"a27:b14",3.0905961352802,-1.3900543134757
"a27:b15",3.00752726279888,-1.32204547134394
"a27:b16",3.48997248362027,-1.55598936812514
"a27:b17",3.14158407940415,-1.3977354655032
"a27:b18",3.01406388650638,-1.30837945019684
"a27:b19",2.84728908304935,-1.24289735094089
"a27:b20",2.86624504222245,-1.28061968831145
"a27:posttest",2.54656584797838,-1.04323616604599
"a27:pretest",2.48704123445143,-0.986689945888398
"a28:b01",2.64295076518945,-1.54110220769131
"a28:b02",2.51850413080786,-1.52815669850628
"a28:b03",2.70400912695037,-1.59461399173065
"a28:b04",2.73188751615323,-1.58897361614513
"a28:b05",2.90979390047459,-1.69501364866579
"a28:b06",2.84678366438337,-1.67380589021751
"a28:b07",2.70479312581151,-1.62296315709503
"a28:b08",2.58472602711647,-1.5713043442485
"a28:b09",2.37242786924469,-1.46837219935978
"a28:b10",2.46460719988918,-1.56539964276163
"a28:b11",2.60988993316654,-1.58607297340024
"a28:b12",2.52021917948264,-1.57688333021854
"a28:b13",2.78496090646319,-1.68651183102961
"a28:b14",2.53603266811947,-1.62199332781735
"a28:b15",2.53413281985599,-1.58439453685988
"a28:b16",2.72517302970855,-1.66920925561912
"a28:b17",2.8391170432057,-1.70523998904295
"a28:b18",3.41634300466998,-1.75529320626875
"a28:b19",2.89629920156957,-1.70137049860483
"a28:b20",2.93113302882061,-1.68462414614052
"a28:posttest",3.17481806408833,-1.84074606163455
"a28:pretest",2.6668483085992,-1.65404056229762
"a29:b01",2.69298871575974,-1.21676364802639
"a29:b02",2.46898885284102,-1.06778412873927
"a29:b03",2.34996728551276,-1.04932477025921
"a29:b04",2.62610217459408,-1.15870148295801
"a29:b05",2.55979739890827,-1.11991498139786
"a29:b06",2.40897952163705,-1.06603983835892
"a29:b07",2.27697682802972,-1.05226662279024
"a29:b08",2.69321433009425,-1.18914598299521
"a29:b09",2.5755893316432,-1.09497632418336
"a29:b10",2.73940920604841,-1.17937896353496
"a29:b11",2.55790144982773,-1.10143629856395
"a29:b12",3.12866521042663,-1.40398576547839
"a29:b13",2.91021582473146,-1.32127908741175
"a29:b14",3.04567467703345,-1.35484588155967
"a29:b15",2.91603390604949,-1.32190116390053
"a29:b16",2.94550892894108,-1.24871522785517
"a29:b17",3.01963392514101,-1.29050648942266
"a29:b18",2.99899037765608,-1.24778734775026
"a29:b19",3.1085208193207,-1.30779560726793
"a29:b20",2.7740663440056,-1.17243721803919
"a29:posttest",2.98706138786595,-1.08722540620642
"a29:pretest",2.31744921246882,-0.894692281993035
"a30:b01",1.47220038216157,-0.923514009310139
"a30:b02",1.57621902569185,-0.983106124789319
"a30:b03",1.63439416275887,-1.02043087061002
"a30:b04",1.56945727956164,-0.965647320674226
"a30:b05",1.52464860879695,-0.961487679612629
"a30:b06",1.63031592356218,-1.01633512887543
"a30:b07",1.6852421618483,-1.05282478386042
"a30:b08",1.66660765855742,-1.01019079326854
"a30:b09",1.79074677814045,-1.02645850662572
"a30:b10",2.05540899225085,-1.15385392271868
"a30:b11",1.77449992100894,-1.06908788808907
"a30:b12",1.77750540481564,-1.04998500971207
"a30:b13",1.63661309605038,-0.999466528552371
"a30:b14",1.66346728358371,-0.943212665677004
"a30:b15",1.92730728448638,-1.13663274976601
"a30:b16",1.54276861077303,-0.977160060452006
"a30:b17",2.00262359817151,-1.12780042563344
"a30:b18",1.81857395546716,-1.0681057634973
"a30:b19",1.76698672954973,-0.998179123256748
"a30:b20",1.76009168648421,-0.991046872519872
"a30:posttest",2.00700031387115,-1.12183468088676
"a30:pretest",1.35768974063707,-0.985618895002276
"l01:b01",2.59977470278627,-1.0997344516033
"l01:b02",2.97840705514317,-1.32716421758114
"l01:b03",3.10357198794249,-1.40646593829748
"l01:b04",3.33848351093225,-1.49038463373842
"l01:b05",3.50332318998558,-1.5899850119666
"l01:b06",3.53233885858608,-1.60122828656309
"l01:b07",3.41923003671466,-1.52298128951071
"l01:b08",3.44185674546715,-1.5293581331444
"l01:b09",3.57171168949351,-1.64543630348826
"l01:b10",3.49406998987342,-1.59710729047182
"l01:b11",3.50845566800658,-1.60491174784306
"l01:b12",3.35094396733219,-1.46933907160852
"l01:b13",3.05264241845356,-1.41073604944623
"l01:b14",3.31761285530797,-1.51218102945332
"l01:b15",3.50966867283859,-1.59826285589228
"l01:b16",3.5167761699167,-1.58455696679288
"l01:b17",3.47138405791859,-1.5968849038613
"l01:b18",3.50411119795758,-1.59358784991012
"l01:b19",3.55941813715434,-1.62009270399344
"l01:b20",3.56291002364624,-1.60276887133364
"l01:posttest",3.44865666856751,-1.5260068740038
"l01:pretest",3.45068494681703,-1.5960270158008
"l02:b01",4.09823868736543,-1.55688880257626
"l02:b02",3.55704910293843,-1.53564656000283
"l02:b03",3.5986929227718,-1.51247831434112
"l02:b04",3.80849346382136,-1.66173829502759
"l02:b05",3.77913903405405,-1.67487261694165
"l02:b06",3.65853203007667,-1.59265330669489
"l02:b07",3.73455816927142,-1.6048410398981
"l02:b08",3.65478390909891,-1.59697303026029
"l02:b09",4.02860371019714,-1.76079332661105
"l02:b10",3.84342945061169,-1.65524778984466
"l02:b11",3.55337747475075,-1.56096950653487
"l02:b12",3.68596128058849,-1.62842496746441
"l02:b13",3.50504431348232,-1.55491436800608
"l02:b14",3.36367011419067,-1.47355764870904
"l02:b15",3.55512195701043,-1.61730983686849
"l02:b16",3.67556731503415,-1.59415850005175
"l02:b17",3.37673554692908,-1.47550878447871
"l02:b18",3.76983872938707,-1.63572518397619
"l02:b19",3.59743615946675,-1.57120821987397
"l02:b20",3.48480674147358,-1.53512754582912
"l02:posttest",3.27976764508442,-1.3045157066012
"l02:pretest",2.8314467900221,-1.20385548547169
"l03:b01",1.46960155960345,-0.688479876821427
"l03:b02",1.5777713204841,-0.786473119728696
"l03:b03",1.71044812239472,-0.797934843434924
"l03:b04",2.00557328997157,-0.978180803270016
"l03:b05",2.02145395457912,-1.03070538874463
"l03:b06",2.09171722765568,-1.03695765790605
"l03:b07",2.05978545552243,-1.06362027806097
"l03:b08",2.0928068289782,-1.0619909263644
"l03:b09",2.43670495073408,-1.25688891586426
"l03:b10",2.05014382080055,-1.06473915085748
"l03:b11",1.77415567249514,-0.943291184735556
"l03:b12",1.69342225706255,-0.857745710214165
"l03:b13",1.58254794928988,-0.814242249332683
"l03:b14",2.00318920529514,-1.0788329690107
"l03:b15",2.72263339273483,-1.33298882580785
"l03:b16",2.37641224438473,-1.18887884363636
"l03:b17",1.75831664062404,-0.907589880313088
"l03:b18",1.75829991098013,-0.920686842867594
"l03:b19",1.99301508942846,-0.964828359701078
"l03:b20",1.80706063863571,-0.869457544812728
"l03:posttest",3.32015805887631,-1.29838285180512
"l03:pretest",1.54276318556531,-0.859490327952184
"l04:b01",4.06980137011289,-1.66377170633435
"l04:b02",4.23963039638319,-1.76829451238917
"l04:b03",4.05287884393609,-1.72096698178379
"l04:b04",3.9722636588868,-1.68139623531204
"l04:b05",3.95896386242676,-1.69365852329316
"l04:b06",4.06387588645521,-1.74031521472787
"l04:b07",4.15912026450263,-1.80235727403857
"l04:b08",3.94587144876907,-1.68404696748005
"l04:b09",3.75061735438104,-1.60251104476773
"l04:b10",3.81993491835871,-1.63869185150598
"l04:b11",3.92039104863519,-1.65819768002656
"l04:b12",3.86664843324965,-1.63469438084853
"l04:b13",3.969586579489,-1.69900667714642
"l04:b14",3.9331392778605,-1.70576727082188
"l04:b15",4.05433595860719,-1.72727002767139
"l04:b16",4.3984114819311,-1.91313634669831
"l04:b17",4.43807156706258,-1.89112861381871
"l04:b18",4.48567753694988,-1.91110115556843
"l04:b19",4.2528986628009,-1.80269419237359
"l04:b20",4.07841777868464,-1.77878043871871
"l04:posttest",4.2746459558378,-1.63330388480029
"l04:pretest",4.13338529611044,-1.72796486684746
"l05:b01",1.08208218451782,-0.488447598850051
"l05:b02",1.60057136598196,-0.753285901671769
"l05:b03",1.45882238404673,-0.717586976389936
"l05:b04",1.44550149700216,-0.691737911424677
"l05:b05",1.89668272182359,-0.927094751110781
"l05:b06",1.82308765211876,-0.86800335511769
"l05:b07",1.78567085888057,-0.902705761565917
"l05:b08",2.11570643985476,-1.07523518365794
"l05:b09",2.3993379507699,-1.18557287671053
"l05:b10",2.80967281734494,-1.36476893290655
"l05:b11",1.96442762978884,-0.972814209734986
"l05:b12",1.56563506073352,-0.805329424134051
"l05:b13",1.81464408124126,-0.875995205212601
"l05:b14",2.15970655011067,-1.05745222841386
"l05:b15",1.77277644119682,-0.942227304422849
"l05:b16",1.77811367084102,-0.880085871405319
"l05:b17",1.93126922241688,-0.986062714380167
"l05:b18",1.97881102701392,-0.954041017509666
"l05:b19",2.26177708912705,-1.09911542972063
"l05:b20",1.93318369229014,-0.943746400608973
"l05:posttest",2.97780710748833,-1.13179521091791
"l05:pretest",1.27288718741671,-0.584136117410778
"l06:b01",0.17595416381311,-0.604658389166181
"l06:b02",0.158240509312975,-0.598750701687666
"l06:b03",0.105498388004591,-0.571318171859055
"l06:b04",-0.0635531018795854,-0.499284858551133
"l06:b05",0.0994153763725549,-0.522150718120046
"l06:b06",0.390628127170928,-0.660710940587112
"l06:b07",0.0606089177787554,-0.565834712174054
"l06:b08",0.169645658913057,-0.634414064249158
"l06:b09",0.188369896445182,-0.654437018715338
"l06:b10",0.253105352301136,-0.693422784134399
"l06:b11",0.166411718565584,-0.623297388277777
"l06:b12",0.11514011985681,-0.56986249436181
"l06:b13",0.210097219957377,-0.599686831902185
"l06:b14",0.0373111694132433,-0.579357824340033
"l06:b15",0.276880547278687,-0.654312487556008
"l06:b16",0.013479168315865,-0.531960184171451
"l06:b17",0.315274370323658,-0.685313638882523
"l06:b18",0.304215900859019,-0.676335797231793
"l06:b19",0.470911282070792,-0.776654741590951
"l06:b20",-0.152868215017307,-0.484220974039744
"l06:posttest",4.03025322037225,-1.75287679446148
"l06:pretest",1.35490879885376,-1.05705705411245
"l07:b01",2.00483935686238,-1.07379630677577
"l07:b02",1.72737702077336,-0.989978193454935
"l07:b03",1.90653118231452,-1.07455863464161
"l07:b04",1.89763025795628,-1.06513034905657
"l07:b05",2.12871095161404,-1.15533483515746
"l07:b06",2.26869113819636,-1.24074547129373
"l07:b07",2.37170574438134,-1.22689319113565
"l07:b08",2.02177713683958,-1.1435950060091
"l07:b09",2.23620656937416,-1.20224809195077
"l07:b10",1.85294850600483,-1.10442040528692
"l07:b11",1.67677825031354,-1.03846806047433
"l07:b12",1.98057561092809,-1.11013196414382
"l07:b13",1.9506215721064,-1.14772179514867
"l07:b14",1.98417428936134,-1.18087768115272
"l07:b15",2.24326700077851,-1.25291806772919
"l07:b16",1.78932820938292,-1.0904073842975
"l07:b17",1.93871933011388,-1.14976171126439
"l07:b18",2.31352632273294,-1.26744932587776
"l07:b19",2.16677335047424,-1.21416177881864
"l07:b20",2.07096903482885,-1.19235791428291
"l07:posttest",2.64201633506689,-1.49654245678727
"l07:pretest",2.60289832244446,-1.52287110093007
"l08:b01",2.04268700799738,-0.923856776532014
"l08:b02",1.81786442074546,-0.87121339126698
"l08:b03",1.82335073745956,-0.864640333242059
"l08:b04",2.25416926134322,-1.0404551303514
"l08:b05",2.15867623769575,-1.01045212534389
"l08:b06",2.0331514636208,-0.939543705884414
"l08:b07",1.79753870772932,-0.8047606767079
"l08:b08",1.9735742855319,-0.912989951750476
"l08:b09",1.83886613113173,-0.865234521034633
"l08:b10",1.75824869109579,-0.865266719949917
"l08:b11",1.80366721059692,-0.840220097901964
"l08:b12",1.98503544809611,-0.911666972807341
"l08:b13",1.94597561599664,-0.900568400645301
"l08:b14",1.99910435781218,-0.887198271257956
"l08:b15",1.90005285644536,-0.851433539438897
"l08:b16",2.054087649615,-0.977646086941273
"l08:b17",2.07496886205893,-0.943615570203839
"l08:b18",2.16433945724233,-0.976922416475212
"l08:b19",2.12002128602945,-0.971840609865318
"l08:b20",2.28857390275226,-1.01390851722069
"l08:posttest",2.72029082106449,-1.10952509872034
"l08:pretest",2.22999247783404,-1.14717156264261
"l09:b01",2.54424034576496,-1.33191403212041
"l09:b02",2.71072777357323,-1.47578150881673
"l09:b03",2.53978899195834,-1.36239229567826
"l09:b04",2.37716566593169,-1.25710811624532
"l09:b05",2.59846748450063,-1.41078976258281
"l09:b06",2.49179035216647,-1.38426645933152
"l09:b07",2.17729819248104,-1.19016894962393
"l09:b08",2.50180989776778,-1.38241794023685
"l09:b09",2.8095245641769,-1.57021611199312
"l09:b10",2.53516221745103,-1.40762542592258
"l09:b11",2.87442461863619,-1.52871704023659
"l09:b12",2.98171260839087,-1.59120915212637
"l09:b13",2.99382463218071,-1.63825033633283
"l09:b14",2.81007923313027,-1.52069921608367
"l09:b15",2.9785284750101,-1.60368913054904
"l09:b16",2.5880522756588,-1.37229175454828
"l09:b17",2.60670705355102,-1.41419446722441
"l09:b18",2.49221148770161,-1.40292756164039
"l09:b19",2.70969863863961,-1.44914307052011
"l09:b20",2.75053955630091,-1.52897250542954
"l09:posttest",3.50716232671662,-1.59493867511285
"l09:pretest",3.20286986119596,-1.74930426312529
"l10:b01",1.45158510210025,-0.90524799597595
"l10:b02",1.48921033554376,-0.938420539480878
"l10:b03",1.46309947811136,-0.937529675565051
"l10:b04",1.64183034829089,-0.99872334999649
"l10:b05",1.61439660298229,-1.01234742483458
"l10:b06",1.635235856717,-1.01987288080907
"l10:b07",1.77651306190688,-1.07692369239954
"l10:b08",1.75389457799717,-1.04872556850415
"l10:b09",1.72306644164198,-1.07406635212118
"l10:b10",1.63896843272618,-1.0295076822749
"l10:b11",1.44697974313496,-0.971109716889574
"l10:b12",1.54649351387298,-1.03133421450992
"l10:b13",1.55811289656254,-1.00666064569907
"l10:b14",1.57025001301695,-1.02073089565345
"l10:b15",1.58524940028161,-1.01197448166122
"l10:b16",1.30731687185255,-0.906920580493751
"l10:b17",1.50529740372722,-0.989753087137296
"l10:b18",1.48580960182734,-0.9587269943847
"l10:b19",1.40392102542571,-0.919531831640072
"l10:b20",1.30256557526848,-0.887519182536749
"l10:posttest",1.60835819639695,-1.06791675233955
"l10:pretest",1.64552284698289,-1.10453377877362
"l11:b01",3.49461345581868,-1.42888523533515
"l11:b02",3.51561066158278,-1.42721227092929
"l11:b03",3.51254132815064,-1.40895064399601
"l11:b04",3.34740954879147,-1.36549714391755
"l11:b05",3.53495565819824,-1.45423552194441
"l11:b06",3.53752685415203,-1.46692412350577
"l11:b07",3.30538556618445,-1.35202154198195
"l11:b08",3.3765723542057,-1.37981682520701
"l11:b09",3.23655999639844,-1.31225968583921
"l11:b10",3.63436349350413,-1.46455345103312
"l11:b11",3.40368775420567,-1.37014955724785
"l11:b12",3.22511624564524,-1.31437949339076
"l11:b13",3.38396247710012,-1.40523466050885
"l11:b14",3.27548510780728,-1.35409565572245
"l11:b15",3.51069940150221,-1.43613440781872
"l11:b16",3.11781425839748,-1.25600338061874
"l11:b17",3.438624360404,-1.38993760498822
"l11:b18",3.75770863645531,-1.509174636677
"l11:b19",3.43007828962015,-1.39419937024398
"l11:b20",3.3961560120236,-1.40632896759857
"l11:posttest",2.81040972937721,-1.04568264000302
"l11:pretest",3.14487637706666,-1.1085847697831
"l12:b01",1.47411685408791,-1.06241694234452
"l12:b02",1.58721758814722,-1.15657799035896
"l12:b03",1.56520935461418,-1.15953116250844
"l12:b04",1.420092362479,-1.14272517559021
"l12:b05",1.55259070794331,-1.17648152792262
"l12:b06",1.8840091530394,-1.3202707145475
"l12:b07",1.63679317420443,-1.21018233159622
"l12:b08",1.59234316793916,-1.20046281465035
"l12:b09",1.75599542036679,-1.2710880531875
"l12:b10",1.62980917163948,-1.2140931180654
"l12:b11",1.59143033558392,-1.20121696017804
"l12:b12",1.45619120680081,-1.13308573879683
"l12:b13",1.54412829125591,-1.17795239757408
"l12:b14",1.49550356509536,-1.14074258287319
"l12:b15",1.54301616707253,-1.18160454640956
"l12:b16",1.58358456329821,-1.20184405319137
"l12:b17",1.43081929417804,-1.13293507657877
"l12:b18",1.42711101605184,-1.14623067782877
"l12:b19",1.41104743501939,-1.10734620253541
"l12:b20",1.27759683874619,-1.0824538321119
"l12:posttest",0.574581194915372,-0.857506309434668
"l12:pretest",0.718827724067825,-0.868104020851955
"l13:b01",2.3907883553922,-1.11841567410745
"l13:b02",2.73063433171751,-1.285848436091
"l13:b03",2.63467301176152,-1.2649102211476
"l13:b04",2.33168778710073,-1.14851708500046
"l13:b05",2.29959901532305,-1.11491187477556
"l13:b06",2.49510936666726,-1.23155731761342
"l13:b07",2.31052468530055,-1.16519000919204
"l13:b08",2.54308334147967,-1.24669658164219
"l13:b09",2.63954818555796,-1.27843455868557
"l13:b10",2.53581213277631,-1.2319378493168
"l13:b11",2.40386368166802,-1.18480832360753
"l13:b12",2.51852042529241,-1.21743928317954
"l13:b13",2.50731597748442,-1.26145806235076
"l13:b14",2.56292491695488,-1.34183034682929
"l13:b15",2.51263384755459,-1.25102488090508
"l13:b16",2.5210320614544,-1.280689656471
"l13:b17",2.5366995522945,-1.23956288367352
"l13:b18",2.54490855913963,-1.27735410847671
"l13:b19",2.65619592061489,-1.2954806451889
"l13:b20",2.63239586955366,-1.30410227224889
"l13:posttest",1.50629653366286,-0.977016495430873
"l13:pretest",2.02868865605789,-1.05469640069694
"l14:b01",1.43963685451166,-0.65101867333289
"l14:b02",1.53421515666331,-0.73038404905871
"l14:b03",1.7222222661215,-0.794847419431615
"l14:b04",1.56869818417946,-0.708170259064842
"l14:b05",1.3098567394025,-0.598192700467428
"l14:b06",1.56111283203522,-0.761739842569053
"l14:b07",1.81424140620975,-0.86927251402534
"l14:b08",1.76623578446935,-0.867914383652494
"l14:b09",1.60619196992007,-0.83330808872983
"l14:b10",2.1614539975255,-1.08753657891113
"l14:b11",1.96471151778611,-0.958920534325565
"l14:b12",2.14660526465057,-1.05110725580575
"l14:b13",2.11408278559505,-1.02881529047895
"l14:b14",1.81133491491434,-0.892729349389139
"l14:b15",1.86199631818754,-0.931347575834491
"l14:b16",2.07558003523172,-1.00854017154225
"l14:b17",1.92980123760623,-0.95691206467844
"l14:b18",1.73207869329277,-0.840229456975724
"l14:b19",1.56482898036046,-0.782161480473565
"l14:b20",1.64627570482331,-0.819498717163479
"l14:posttest",2.39651634373429,-0.950933792252373
"l14:pretest",2.12867460009876,-1.03882744504935
"l15:b01",2.55759267971892,-1.29246538761079
"l15:b02",2.12833218628176,-1.11525604289072
"l15:b03",2.00472195523138,-1.05934003806164
"l15:b04",1.82751582574999,-1.00367929948908
"l15:b05",1.69526642455649,-0.937437866001839
"l15:b06",1.52372996421973,-0.87022202663854
"l15:b07",1.76500998810849,-0.947628168312907
"l15:b08",1.46021095416099,-0.862591287279126
"l15:b09",1.19941642841809,-0.720693806952824
"l15:b10",1.17486586962964,-0.718483475997479
"l15:b11",1.25846725396237,-0.74244294933491
"l15:b12",1.39383926197399,-0.801365000899079
"l15:b13",1.25784588687133,-0.743427502204007
"l15:b14",1.24394667806567,-0.781843111582313
"l15:b15",1.51012038109406,-0.873418309922776
"l15:b16",1.35955826375143,-0.80678655342044
"l15:b17",1.22656632337863,-0.734989133972604
"l15:b18",1.7499237427882,-0.974107767474317
"l15:b19",1.42014769714518,-0.835845049683044
"l15:b20",1.14288912669667,-0.680128576081174
"l15:posttest",2.53185800257448,-1.12707745118383
"l15:pretest",2.16855836667145,-1.16696910786266
"l16:b01",2.3669240101747,-0.972114508525439
"l16:b02",2.46688398302865,-1.03242847573468
"l16:b03",2.63431777970805,-1.1023019018157
"l16:b04",2.86064608595243,-1.21269652488707
"l16:b05",2.97361029655022,-1.25750800170474
"l16:b06",2.84909716879953,-1.22176745266827
"l16:b07",3.17355596369776,-1.38606211123053
"l16:b08",3.112880066415,-1.33221006578591
"l16:b09",3.09898457328794,-1.37179816510794
"l16:b10",3.23853649104111,-1.43023638532171
"l16:b11",2.96584130264612,-1.30049293853007
"l16:b12",3.50344576164324,-1.59807504754308
"l16:b13",3.36044678728052,-1.47333805056256
"l16:b14",3.25161190653867,-1.41052283817092
"l16:b15",3.37214589030445,-1.43668404410968
"l16:b16",3.48883744136971,-1.55391523478467
"l16:b17",3.45715810744636,-1.57271451068509
"l16:b18",3.44390874608928,-1.51940297480882
"l16:b19",3.53834563096839,-1.5592304983191
"l16:b20",3.55715204646585,-1.56995613747735
"l16:posttest",2.50894307161936,-1.05094593338134
"l16:pretest",2.51432175108844,-0.984897979194682
"l17:b01",2.1205988442129,-1.00046875151743
"l17:b02",2.18493971187248,-1.00838552767078
"l17:b03",2.016461129276,-0.943734238795107
"l17:b04",2.12978773604994,-1.01998137866463
"l17:b05",2.37034882961463,-1.14640720704759
"l17:b06",2.51133787626313,-1.21694101607791
"l17:b07",2.49016104485439,-1.23364853963371
"l17:b08",2.60270164649389,-1.29206956938093
"l17:b09",2.65791393297312,-1.27456029315204
"l17:b10",2.50837392896621,-1.22003265743515
"l17:b11",2.69294852098336,-1.29582363878305
"l17:b12",2.74505313169345,-1.31427609608837
"l17:b13",3.04116265121683,-1.49698810932429
"l17:b14",2.93197172729814,-1.44647164622303
"l17:b15",2.87262777102719,-1.382960541639
"l17:b16",2.82098913827784,-1.38573057351946
"l17:b17",2.7374818638234,-1.33863305656499
"l17:b18",2.90228742564843,-1.39999402680884
"l17:b19",2.92073196894687,-1.43463595434457
"l17:b20",3.15992173791229,-1.49771636320364
"l17:posttest",2.26620214225879,-1.00245967796213
"l17:pretest",1.95309514587751,-0.970264243107704
"l18:b01",2.68203524007252,-1.1049749547979
"l18:b02",2.56880834687402,-1.06235709651887
"l18:b03",2.82302667975679,-1.16965889753627
"l18:b04",2.8913562521447,-1.25708071649762
"l18:b05",2.98701637248472,-1.30088383481302
"l18:b06",2.81172467266753,-1.22031682885243
"l18:b07",3.0274233397965,-1.33176469176748
"l18:b08",3.04007347768822,-1.32482506618974
"l18:b09",3.10326240455558,-1.34766501874034
"l18:b10",3.22344071487591,-1.40771029533287
"l18:b11",3.03757241459242,-1.30106609022308
"l18:b12",3.12835205660209,-1.37965754277156
"l18:b13",3.18773931108772,-1.39812440888415
"l18:b14",3.23240377352167,-1.40258994211561
"l18:b15",3.17714500171776,-1.40201739864812
"l18:b16",3.27065405963841,-1.41579730890213
"l18:b17",3.3173495517461,-1.41689858628965
"l18:b18",3.20601032554051,-1.35218259092568
"l18:b19",3.20922999703713,-1.37673610944339
"l18:b20",3.20068487270031,-1.3620237785282
"l18:posttest",3.59776093673624,-1.6329718474467
"l18:pretest",2.19476017171687,-1.03351015613273
"l19:b01",1.82243226252627,-1.04921979008837
"l19:b02",1.82034518002299,-1.00562447731623
"l19:b03",2.10726041838373,-1.15987849651692
"l19:b04",1.96816804486027,-1.12209434759092
"l19:b05",1.9788211949137,-1.103372630292
"l19:b06",2.49123626424652,-1.36417383587348
"l19:b07",2.48292989328985,-1.33268400351774
"l19:b08",2.18009947638315,-1.19404387055665
"l19:b09",2.60850754829118,-1.40528466971362
"l19:b10",2.99477055963541,-1.60289214117125
"l19:b11",2.75814663935769,-1.51657942484635
"l19:b12",2.6366228315832,-1.4447026505478
"l19:b13",2.70241356538721,-1.48838146157714
"l19:b14",2.31712713069485,-1.38789887928084
"l19:b15",2.41605403184668,-1.35975096900318
"l19:b16",2.47542513497591,-1.33335049404875
"l19:b17",2.17247966131246,-1.24514200763091
"l19:b18",2.64763706031232,-1.47079661716665
"l19:b19",2.28892991115472,-1.33200411271359
"l19:b20",2.55844256685835,-1.43161492414795
"l19:posttest",2.61481973921107,-1.25464194047032
"l19:pretest",1.60788158752193,-1.05499972869465
"l20:b01",1.39528753738033,-1.13148330451571
"l20:b02",1.31513472191925,-1.0882672959237
"l20:b03",1.01877805497101,-0.906628479906537
"l20:b04",1.28056747755844,-1.06516404070252
"l20:b05",1.29301162452702,-1.00438519810658
"l20:b06",1.27976558236108,-1.07909911901877
"l20:b07",1.24542939705614,-1.10421502199974
"l20:b08",1.33771752825094,-1.14413395027992
"l20:b09",1.15934145592329,-1.08447403058748
"l20:b10",1.24811880116696,-1.11079869278281
"l20:b11",1.27263767302462,-1.1456565260697
"l20:b12",1.35295543292674,-1.08832294072699
"l20:b13",1.37316662064018,-1.1898339418184
"l20:b14",1.27040475689316,-1.03839040028399
"l20:b15",1.43840144289779,-1.13184202732982
"l20:b16",0.960338462638465,-0.910722427231834
"l20:b17",1.40032361706826,-1.17055500194488
"l20:b18",1.24301651431923,-1.06961829668292
"l20:b19",1.67687531790679,-1.2486508039054
"l20:b20",1.63324443362216,-1.24152540865759
"l20:posttest",1.62852578193496,-1.17399637433202
"l20:pretest",0.822242945162089,-0.952108091996622
"l21:b01",2.52439576836991,-1.02183931511909
"l21:b02",2.70990628250899,-1.06442207892842
"l21:b03",2.90249884923052,-1.24780537876161
"l21:b04",3.01921057410008,-1.26271380007023
"l21:b05",3.00195141222572,-1.210197617522
"l21:b06",3.01500234549126,-1.28892115871652
"l21:b07",2.99469062940423,-1.22581114337443
"l21:b08",2.93853319346364,-1.23898183974027
"l21:b09",3.2302457101766,-1.29689392733796
"l21:b10",3.30446745370383,-1.38533057642445
"l21:b11",3.29699078484704,-1.39781460748027
"l21:b12",3.36364565028446,-1.40448925619306
"l21:b13",3.26943532384325,-1.36175352317415
"l21:b14",3.31293959470007,-1.42271684909898
"l21:b15",3.05604049639452,-1.3156111744622
"l21:b16",3.00381787062191,-1.26618941696795
"l21:b17",3.46335621116814,-1.43665559723943
"l21:b18",3.21420570600766,-1.38575025099308
"l21:b19",3.18985689699184,-1.36784934509101
"l21:b20",3.43431538240129,-1.46701649838614
"l21:posttest",3.43797578765123,-1.2310731347343
"l21:pretest",2.41304491070344,-0.983956221360797
"l22:b01",2.75569774161718,-1.33789487250517
"l22:b02",3.02329943718214,-1.58736507819211
"l22:b03",3.22754561893877,-1.6634054832336
"l22:b04",3.39602443732515,-1.7606051924224
"l22:b05",2.9420595870806,-1.49311399618466
"l22:b06",2.74636829957319,-1.389176600462
"l22:b07",3.12003807005619,-1.51483499812716
"l22:b08",2.8835657886167,-1.43483456495929
"l22:b09",2.96026994163524,-1.43789480023921
"l22:b10",2.92434794359192,-1.48810883529927
"l22:b11",3.17510426914985,-1.58855244041206
"l22:b12",3.13880525586329,-1.64495586317208
"l22:b13",3.37633283687345,-1.70256204579243
"l22:b14",3.35349216095802,-1.67006761516939
"l22:b15",3.53042676845607,-1.67243777068148
"l22:b16",3.36631574673799,-1.66580689603507
"l22:b17",3.50123717898727,-1.8257808351198
"l22:b18",3.12904019840331,-1.56725171201136
"l22:b19",3.35358334654281,-1.72271325006139
"l22:b20",3.44072518455411,-1.7116367533027
"l22:posttest",3.96424312842646,-1.71563452173915
"l22:pretest",2.91070269769675,-1.42190251912041
"l23:b01",2.78940782191035,-1.25111761615085
"l23:b02",2.64704329366247,-1.25313340403488
"l23:b03",2.48420293391112,-1.18863228715961
"l23:b04",2.58561309769444,-1.20063107147588
"l23:b05",2.50350347856673,-1.18499619203076
"l23:b06",2.46662958083618,-1.2189577324105
"l23:b07",2.43856421851997,-1.20005923059952
"l23:b08",2.64260303633169,-1.33839099353906
"l23:b09",2.90143059481764,-1.44167225223808
"l23:b10",2.9373051142574,-1.44180702825881
"l23:b11",2.84785226276686,-1.39572781886748
"l23:b12",2.51460776644635,-1.25757025471274
"l23:b13",2.49204476376555,-1.2300335874233
"l23:b14",2.42489282583565,-1.17083620203795
"l23:b15",2.67616715856285,-1.3126148112979
"l23:b16",2.45251496329039,-1.23930064939977
"l23:b17",2.75512098159032,-1.34760757677346
"l23:b18",2.79291471471592,-1.36902370565924
"l23:b19",2.52230552520807,-1.21613133652142
"l23:b20",2.62731205070812,-1.29105983512334
"l23:posttest",3.84546657851786,-1.53414628128878
"l23:pretest",2.7314922831629,-1.23305572282236
"l24:b01",1.57810002425244,-0.923504060640704
"l24:b02",2.11560726845728,-1.17933203070176
"l24:b03",2.0363109348967,-1.21537221205746
"l24:b04",2.36194500969601,-1.3674650220795
"l24:b05",2.44296465196474,-1.38786645201972
"l24:b06",2.6387626300609,-1.45202663940742
"l24:b07",2.52694623800213,-1.41276071161501
"l24:b08",2.70527978846476,-1.49235878658863
"l24:b09",2.72098806389646,-1.40779564823849
"l24:b10",2.25576223339461,-1.3265814562675
"l24:b11",2.3248272742016,-1.31098105221881
"l24:b12",2.68375199572551,-1.51841196617208
"l24:b13",2.62849585680289,-1.46178459434967
"l24:b14",2.48078969732809,-1.43084264459407
"l24:b15",2.16729042503487,-1.29288609313969
"l24:b16",2.43443119448045,-1.40305894595659
"l24:b17",2.13835687386994,-1.3151702955953
"l24:b18",2.48236062306793,-1.36936834746748
"l24:b19",2.09017211479076,-1.28597127881429
"l24:b20",2.23525635357772,-1.3509434356503
"l24:posttest",3.06279785324774,-1.48034111168714
"l24:pretest",2.77947550909175,-1.51321456212106
"l25:b01",3.31997163174117,-1.58565874149066
"l25:b02",3.02311296505987,-1.51052920559449
"l25:b03",3.47047163225631,-1.66390722639836
"l25:b04",3.64641106465144,-1.73175830165196
"l25:b05",3.2130156695871,-1.52830652641373
"l25:b06",2.9446129315456,-1.39920771274153
"l25:b07",3.09475007912989,-1.46315603546018
"l25:b08",3.37933461346372,-1.62580366511765
"l25:b09",3.40814006270237,-1.6313637845782
"l25:b10",3.7281510428595,-1.76099329728237
"l25:b11",3.47717427541144,-1.72428030443995
"l25:b12",3.48082137148459,-1.65812142782752
"l25:b13",3.54691849055392,-1.68441565481591
"l25:b14",3.69396042998945,-1.77120008710725
"l25:b15",3.75735570435589,-1.7707142021522
"l25:b16",3.05299333650091,-1.48610444978693
"l25:b17",3.33978128420642,-1.60094913262457
"l25:b18",3.39871583404456,-1.64459006763551
"l25:b19",3.53883939312938,-1.71209210183497
"l25:b20",3.21765382591426,-1.53650329056945
"l25:posttest",3.0655001743934,-1.35414852377271
"l25:pretest",3.34402632439716,-1.65227245994188
"l26:b01",3.31906685277021,-1.48122674805301
"l26:b02",3.63485256213812,-1.61904321086493
"l26:b03",3.58673715231227,-1.57111882626313
"l26:b04",3.45022409199234,-1.57587878986365
"l26:b05",3.753218085279,-1.6788406710257
"l26:b06",3.60708483538477,-1.60816267870895
"l26:b07",3.93691278429357,-1.71709545667063
"l26:b08",3.59333330008107,-1.61901636120594
"l26:b09",4.20057136058561,-1.87471426487257
"l26:b10",3.90802122230734,-1.72066006135209
"l26:b11",3.79810211292719,-1.69796749031625
"l26:b12",3.90231133781654,-1.74255541006783
"l26:b13",3.94782188221043,-1.73877419098144
"l26:b14",3.8627544722687,-1.72924051573743
"l26:b15",3.88679186630371,-1.76217474019399
"l26:b16",3.79588503735275,-1.70692667213526
"l26:b17",3.86405059945224,-1.78656249356381
"l26:b18",3.62260917210505,-1.65190308893358
"l26:b19",3.87731343704593,-1.7019870580134
"l26:b20",3.74521390869476,-1.6545446152252
"l26:posttest",2.64689153216403,-1.3996634292383
"l26:pretest",2.94310156447162,-1.53006679946116
"l27:b01",1.28148955821255,-0.868990063342711
"l27:b02",1.44328537377416,-0.987030960362757
"l27:b03",1.44959582765443,-0.979949555561171
"l27:b04",1.99659984943604,-1.20938078162375
"l27:b05",1.84858618604009,-1.16032010257632
"l27:b06",2.14796102268049,-1.29308723883959
"l27:b07",2.07624585427947,-1.21853842000101
"l27:b08",2.55337278630079,-1.50986851182897
"l27:b09",1.90102240194718,-1.09609030012347
"l27:b10",2.05565395090633,-1.19014078086038
"l27:b11",2.65858369444578,-1.53686004036119
"l27:b12",2.49209640871905,-1.45769197888534
"l27:b13",2.43352272852992,-1.42987782505231
"l27:b14",2.67978398678123,-1.54378354698612
"l27:b15",2.18487995762845,-1.32108639671721
"l27:b16",2.31475806169454,-1.37166873398654
"l27:b17",2.5141026513525,-1.46302465397625
"l27:b18",2.54850136612708,-1.49584762265443
"l27:b19",2.46130942227538,-1.44111663176827
"l27:b20",2.49874648922095,-1.46871148221783
"l27:posttest",1.25447386820098,-0.855953741463105
"l27:pretest",1.3563032283621,-0.964509321918418
"l28:b01",1.80116957107711,-1.13368544111667
"l28:b02",2.06601821341526,-1.30913544982069
"l28:b03",2.27034948522597,-1.38979320918993
"l28:b04",2.48891002268005,-1.49591110461133
"l28:b05",2.41124765983455,-1.4356500914483
"l28:b06",2.10091085347321,-1.28935720796359
"l28:b07",2.25739778672859,-1.37485887029621
"l28:b08",2.28152928843306,-1.39000990322911
"l28:b09",1.98512263641684,-1.26487430202998
"l28:b10",2.14984787783655,-1.31258404830934
"l28:b11",2.37000326638913,-1.40689915936502
"l28:b12",2.21097694439018,-1.31481190349638
"l28:b13",2.04661978999696,-1.24608838119678
"l28:b14",2.11452934329647,-1.27354134941105
"l28:b15",1.97871559829828,-1.20232127679796
"l28:b16",2.25710682713796,-1.32299997374766
"l28:b17",2.17785268164977,-1.28292068891622
"l28:b18",2.14234670297158,-1.27431713075456
"l28:b19",2.24059655511412,-1.25782792763804
"l28:b20",2.47979371227476,-1.38596385784258
"l28:posttest",1.83291236541796,-1.07514022860729
"l28:pretest",2.80166102406554,-1.48768834097684
"l29:b01",2.64482197163004,-1.39339951990036
"l29:b02",2.27317065845639,-1.11474026061772
"l29:b03",2.63531882389584,-1.30799334269919
"l29:b04",2.81445569659717,-1.4361081796905
"l29:b05",2.61104531857878,-1.18577699408032
"l29:b06",2.64858033960812,-1.27789647274441
"l29:b07",2.38937230562434,-1.16652394666905
"l29:b08",2.3816641525852,-1.17913046345071
"l29:b09",3.08402321937256,-1.66982694730598
"l29:b10",2.67884806684752,-1.42962165435213
"l29:b11",3.1456704331536,-1.6485247934239
"l29:b12",3.24939180391118,-1.70036989118096
"l29:b13",2.87265893070612,-1.52447857780244
"l29:b14",2.6530324582112,-1.33376317325096
"l29:b15",2.27246006734128,-1.11604314815617
"l29:b16",2.39160208308457,-1.22515384171559
"l29:b17",2.96831153710255,-1.63235780830514
"l29:b18",3.17247513494884,-1.69353479051727
"l29:b19",2.65308013503772,-1.32089891881783
"l29:b20",2.35900286938375,-1.27787665489624
"l29:posttest",2.43930784338477,-1.45418447030317
"l29:pretest",2.63474997998757,-1.61020844909844
"l30:b01",3.21005059447647,-1.53345978049584
"l30:b02",3.81757588658217,-1.7586343218132
"l30:b03",4.01422632997812,-1.85670245954416
"l30:b04",4.19338171963383,-1.90854384263436
"l30:b05",4.03667434694222,-1.81222860761445
"l30:b06",4.0217138264325,-1.84127962420519
"l30:b07",4.15269114509229,-1.91189261621363
"l30:b08",3.9704418170833,-1.84840681047707
"l30:b09",4.03657833914965,-1.88221100952226
"l30:b10",3.77699373311355,-1.76421739577087
"l30:b11",3.79847045170689,-1.784095184027
"l30:b12",3.99746234977588,-1.90921111688976
"l30:b13",3.97973671602208,-1.87479868397703
"l30:b14",4.11323955836744,-1.88234550622121
"l30:b15",3.80823738621888,-1.80548697683646
"l30:b16",4.06101720317708,-1.89839412821223
"l30:b17",4.01278286755997,-1.91507994215182
"l30:b18",4.32369627406221,-1.95698073446273
"l30:b19",3.82763357873088,-1.76784858448097
"l30:b20",3.89779961245364,-1.8457064382967
"l30:posttest",3.59883168850742,-1.38720455113894
"l30:pretest",3.69746501943932,-1.6378216157175
