subID,block,method,channel,ints,slope
a01,A,lmer,frontal,1.337225142,-0.821092472
a01,A,lmer,central,3.324099975,-1.538292109
a01,A,lmer,parietal,3.643900117,-1.638301933
a01,A,lmer,occipital,3.354472698,-1.498977172
a01,A,fooof,frontal,0.433146525,0.717740185
a01,A,fooof,central,1.271024145,1.493328558
a01,A,fooof,parietal,1.437683938,1.665055681
a01,A,fooof,occipital,1.390990094,1.612715393
a01,B,lmer,frontal,1.614962641,-0.797355785
a01,B,lmer,central,3.438701789,-1.455866557
a01,B,lmer,parietal,3.68799996,-1.577958406
a01,B,lmer,occipital,3.507757425,-1.513384834
a01,B,fooof,frontal,0.565681161,0.685194082
a01,B,fooof,central,1.409895605,1.42058834
a01,B,fooof,parietal,1.517977962,1.564974238
a01,B,fooof,occipital,1.476261638,1.559197933
a01,C,lmer,frontal,0.948053558,-0.550936455
a01,C,lmer,central,3.302148929,-1.485298166
a01,C,lmer,parietal,3.467042407,-1.516012997
a01,C,lmer,occipital,3.131452969,-1.379805798
a01,C,fooof,frontal,0.258930911,0.433787235
a01,C,fooof,central,1.296457876,1.485017547
a01,C,fooof,parietal,1.385189933,1.577695005
a01,C,fooof,occipital,1.268233504,1.476237546
a02,A,lmer,frontal,1.04836147,-0.576862471
a02,A,lmer,central,2.530483154,-0.986660676
a02,A,lmer,parietal,2.598069632,-0.905208221
a02,A,lmer,occipital,2.713552505,-0.960430267
a02,A,fooof,frontal,0.286332402,0.46046144
a02,A,fooof,central,1.045780716,1.075035539
a02,A,fooof,parietal,0.921200782,0.859384896
a02,A,fooof,occipital,1.06805789,1.06080857
a02,B,lmer,frontal,1.338963266,-0.54388807
a02,B,lmer,central,3.631085461,-1.4330245
a02,B,lmer,parietal,3.000562211,-1.235946802
a02,B,lmer,occipital,2.681364833,-1.058845892
a02,B,fooof,frontal,0.467756062,0.438569241
a02,B,fooof,central,1.528676052,1.421393457
a02,B,fooof,parietal,1.243517932,1.240540268
a02,B,fooof,occipital,1.170653788,1.149300002
a02,C,lmer,frontal,1.142531567,-0.46819703
a02,C,lmer,central,2.043593273,-0.553514815
a02,C,lmer,parietal,2.75268218,-0.859100315
a02,C,lmer,occipital,2.755583064,-0.890761791
a02,C,fooof,frontal,0.262888553,0.316750963
a02,C,fooof,central,0.708878358,0.525732739
a02,C,fooof,parietal,0.889076045,0.756532046
a02,C,fooof,occipital,1.175771647,1.130113871
a03,A,lmer,frontal,3.101061122,-1.506073586
a03,A,lmer,central,4.61027764,-1.811710421
a03,A,lmer,parietal,4.806206503,-1.847983861
a03,A,lmer,occipital,4.452096555,-1.658821756
a03,A,fooof,frontal,1.093377062,1.365997843
a03,A,fooof,central,1.736964726,1.659521154
a03,A,fooof,parietal,1.886316351,1.790146293
a03,A,fooof,occipital,1.752177919,1.68177786
a03,B,lmer,frontal,2.463766029,-1.342575627
a03,B,lmer,central,4.062439945,-1.691058419
a03,B,lmer,parietal,4.076815833,-1.754744948
a03,B,lmer,occipital,3.678536093,-1.594582625
a03,B,fooof,frontal,1.139890678,1.334840409
a03,B,fooof,central,1.796291802,1.65444921
a03,B,fooof,parietal,1.828337967,1.777351744
a03,B,fooof,occipital,1.701043612,1.689907612
a03,C,lmer,frontal,3.505758969,-1.443948857
a03,C,lmer,central,4.949032558,-1.917881276
a03,C,lmer,parietal,5.113050618,-1.95772658
a03,C,lmer,occipital,4.866665378,-1.790659091
a03,C,fooof,frontal,1.22868155,1.254933292
a03,C,fooof,central,1.890359051,1.783623064
a03,C,fooof,parietal,1.902286884,1.848401824
a03,C,fooof,occipital,1.92181473,1.853999428
a04,A,lmer,frontal,2.50902855,-1.290246505
a04,A,lmer,central,3.314659039,-1.36639291
a04,A,lmer,parietal,3.204232466,-1.3002254
a04,A,lmer,occipital,2.430267099,-0.938748657
a04,A,fooof,frontal,1.150357871,1.4778978
a04,A,fooof,central,1.162245696,1.268462054
a04,A,fooof,parietal,1.147834822,1.247100016
a04,A,fooof,occipital,0.943320729,0.948986488
a04,B,lmer,frontal,2.127261249,-1.276319151
a04,B,lmer,central,3.696773452,-1.613341942
a04,B,lmer,parietal,3.537242924,-1.58458256
a04,B,lmer,occipital,2.742381063,-1.234999781
a04,B,fooof,frontal,0.700001769,1.114623107
a04,B,fooof,central,1.328129807,1.444871625
a04,B,fooof,parietal,1.378888514,1.518070466
a04,B,fooof,occipital,1.145181665,1.241140817
a04,C,lmer,frontal,3.107545099,-1.184575963
a04,C,lmer,central,3.160018015,-1.194744519
a04,C,lmer,parietal,2.906487827,-1.154746114
a04,C,lmer,occipital,1.922365895,-0.901877505
a04,C,fooof,frontal,1.224992996,1.124890727
a04,C,fooof,central,0.923268729,0.96872193
a04,C,fooof,parietal,0.811380289,0.987728286
a04,C,fooof,occipital,0.575409868,0.765714812
a05,A,lmer,frontal,0.968296279,-0.671317112
a05,A,lmer,central,2.469273647,-1.089591196
a05,A,lmer,parietal,2.5091272,-1.060693375
a05,A,lmer,occipital,2.393764098,-0.978935876
a05,A,fooof,frontal,0.47923849,0.784020584
a05,A,fooof,central,1.071607828,1.163064589
a05,A,fooof,parietal,1.090505685,1.165364523
a05,A,fooof,occipital,0.98824956,1.052299614
a05,B,lmer,frontal,1.63130212,-0.848350917
a05,B,lmer,central,3.020650451,-1.282622332
a05,B,lmer,parietal,2.91447477,-1.220452257
a05,B,lmer,occipital,2.446704891,-1.006896424
a05,B,fooof,frontal,0.711897208,0.882113642
a05,B,fooof,central,1.25002746,1.26283873
a05,B,fooof,parietal,1.256347124,1.265025319
a05,B,fooof,occipital,1.05702438,1.082414082
a05,C,lmer,frontal,1.440563079,-0.717310513
a05,C,lmer,central,2.642656737,-1.081457115
a05,C,lmer,parietal,2.776984208,-1.078137662
a05,C,lmer,occipital,2.769101656,-1.044298066
a05,C,fooof,frontal,0.552772945,0.660111339
a05,C,fooof,central,1.030855988,1.035150627
a05,C,fooof,parietal,1.063926212,1.039048434
a05,C,fooof,occipital,1.083937663,1.070087384
a06,A,lmer,frontal,2.350401868,-1.079767641
a06,A,lmer,central,3.05075461,-1.377517716
a06,A,lmer,parietal,3.301238633,-1.530413178
a06,A,lmer,occipital,3.354276641,-1.46269
a06,A,fooof,frontal,0.949312933,1.026853736
a06,A,fooof,central,1.178919227,1.277865573
a06,A,fooof,parietal,1.347982099,1.495700056
a06,A,fooof,occipital,1.395601968,1.507025384
a06,B,lmer,frontal,2.576135849,-1.214404354
a06,B,lmer,central,3.654917908,-1.638850113
a06,B,lmer,parietal,3.622463859,-1.655856655
a06,B,lmer,occipital,3.461810568,-1.526873264
a06,B,fooof,frontal,1.041896109,1.186613046
a06,B,fooof,central,1.401931767,1.552510336
a06,B,fooof,parietal,1.456077382,1.633149302
a06,B,fooof,occipital,1.476857057,1.592158317
a06,C,lmer,frontal,3.803605597,-1.362573208
a06,C,lmer,central,3.863150573,-1.625775259
a06,C,lmer,parietal,4.037387018,-1.754882552
a06,C,lmer,occipital,4.043434939,-1.642416727
a06,C,fooof,frontal,1.53058142,1.269005277
a06,C,fooof,central,1.558408811,1.559597467
a06,C,fooof,parietal,1.66427528,1.738889042
a06,C,fooof,occipital,1.662482908,1.692352462
a07,A,lmer,frontal,1.322342059,-0.260870651
a07,A,lmer,central,2.947746386,-0.908104428
a07,A,lmer,parietal,3.09670048,-0.966234155
a07,A,lmer,occipital,3.22252136,-0.870017671
a07,A,fooof,frontal,0.162524548,-0.0443014
a07,A,fooof,central,1.12317619,0.837700816
a07,A,fooof,parietal,1.186132282,0.919551493
a07,A,fooof,occipital,1.241640813,0.862624316
a07,B,lmer,frontal,1.547498865,-0.51172495
a07,B,lmer,central,3.284458269,-1.192090477
a07,B,lmer,parietal,3.329630269,-1.276997272
a07,B,lmer,occipital,3.052498831,-1.154032187
a07,B,fooof,frontal,0.608931363,0.449526133
a07,B,fooof,central,1.344334423,1.148301322
a07,B,fooof,parietal,1.392642451,1.262007114
a07,B,fooof,occipital,1.341476595,1.22918088
a07,C,lmer,frontal,2.228695529,-0.432102232
a07,C,lmer,central,2.619746462,-0.815713387
a07,C,lmer,parietal,2.880262323,-1.059503362
a07,C,lmer,occipital,2.530265068,-0.866470385
a07,C,fooof,frontal,0.922368475,0.377043034
a07,C,fooof,central,1.152537488,0.901154141
a07,C,fooof,parietal,1.116234167,1.004152307
a07,C,fooof,occipital,0.937843868,0.809142328
a08,A,lmer,frontal,2.729785387,-1.511846971
a08,A,lmer,central,3.933267509,-1.918591682
a08,A,lmer,parietal,3.439277781,-1.760906974
a08,A,lmer,occipital,3.491080142,-1.694763164
a08,A,fooof,frontal,1.148901443,1.497646545
a08,A,fooof,central,1.525309467,1.810709333
a08,A,fooof,parietal,1.333147262,1.68254367
a08,A,fooof,occipital,1.43706948,1.709211683
a08,B,lmer,frontal,3.120849894,-1.475232785
a08,B,lmer,central,4.05894739,-1.788059738
a08,B,lmer,parietal,3.661646067,-1.683640818
a08,B,lmer,occipital,3.530424465,-1.567644747
a08,B,fooof,frontal,1.331605508,1.493350008
a08,B,fooof,central,1.692270811,1.792967326
a08,B,fooof,parietal,1.55113381,1.710566587
a08,B,fooof,occipital,1.494877662,1.605960502
a08,C,lmer,frontal,3.352129618,-1.842569671
a08,C,lmer,central,4.462803055,-2.061956205
a08,C,lmer,parietal,4.466053975,-2.047581585
a08,C,lmer,occipital,4.405189944,-1.99028363
a08,C,fooof,frontal,1.335173244,1.773133176
a08,C,fooof,central,1.803929567,2.008249968
a08,C,fooof,parietal,1.850226724,2.051687313
a08,C,fooof,occipital,1.900537434,2.07158338
a09,A,lmer,frontal,2.976280817,-1.442705373
a09,A,lmer,central,3.096675126,-1.323605286
a09,A,lmer,parietal,2.860058565,-1.246460608
a09,A,lmer,occipital,2.669825791,-1.141769738
a09,A,fooof,frontal,1.196501238,1.403573514
a09,A,fooof,central,1.142687203,1.234384816
a09,A,fooof,parietal,1.039807971,1.199893739
a09,A,fooof,occipital,1.031525763,1.153006381
a09,B,lmer,frontal,3.556629996,-1.610783766
a09,B,lmer,central,3.365008094,-1.431597175
a09,B,lmer,parietal,3.08797069,-1.357030814
a09,B,lmer,occipital,3.038527404,-1.286658799
a09,B,fooof,frontal,1.541809031,1.643715542
a09,B,fooof,central,1.376060681,1.408122089
a09,B,fooof,parietal,1.295084369,1.357795653
a09,B,fooof,occipital,1.283665851,1.29698782
a09,C,lmer,frontal,3.519763553,-1.029958565
a09,C,lmer,central,2.986654705,-1.150434915
a09,C,lmer,parietal,2.683631508,-1.110604578
a09,C,lmer,occipital,2.294849979,-0.988913878
a09,C,fooof,frontal,1.451622547,1.008678633
a09,C,fooof,central,1.023282594,0.995464114
a09,C,fooof,parietal,0.870208472,0.980947249
a09,C,fooof,occipital,0.785179997,0.914181349
a10,A,lmer,frontal,1.684829898,-1.095609985
a10,A,lmer,central,3.246883432,-1.712886479
a10,A,lmer,parietal,2.934682803,-1.580192521
a10,A,lmer,occipital,1.808985415,-1.020430923
a10,A,fooof,frontal,-0.180505539,0.357591027
a10,A,fooof,central,1.346855549,1.65279607
a10,A,fooof,parietal,1.398998905,1.752239209
a10,A,fooof,occipital,0.657209183,0.919898303
a10,B,lmer,frontal,2.486460762,-1.453745446
a10,B,lmer,central,3.957968951,-1.941307418
a10,B,lmer,parietal,3.495760374,-1.73510944
a10,B,lmer,occipital,2.474612263,-1.246398251
a10,B,fooof,frontal,0.957264885,1.350066357
a10,B,fooof,central,1.647090876,1.91530571
a10,B,fooof,parietal,1.450805847,1.707803468
a10,B,fooof,occipital,1.04268711,1.230778165
a10,C,lmer,frontal,2.580023874,-1.623258927
a10,C,lmer,central,3.51617224,-1.861955303
a10,C,lmer,parietal,3.052949137,-1.634023085
a10,C,lmer,occipital,1.911664595,-1.042483648
a10,C,fooof,frontal,1.075048075,1.573086324
a10,C,fooof,central,1.096831188,1.520010148
a10,C,fooof,parietal,1.106940413,1.452075991
a10,C,fooof,occipital,0.740735033,0.961459767
a11,A,lmer,frontal,2.666859658,-1.278989099
a11,A,lmer,central,3.393918306,-1.488617074
a11,A,lmer,parietal,3.556471571,-1.596047363
a11,A,lmer,occipital,3.467703946,-1.550458829
a11,A,fooof,frontal,1.116089842,1.229095054
a11,A,fooof,central,1.351805004,1.397293157
a11,A,fooof,parietal,1.515612119,1.631616509
a11,A,fooof,occipital,1.499592705,1.637470483
a11,B,lmer,frontal,3.066167387,-1.280893956
a11,B,lmer,central,3.554848625,-1.453459508
a11,B,lmer,parietal,3.494281279,-1.481269537
a11,B,lmer,occipital,3.103549021,-1.345912816
a11,B,fooof,frontal,1.236436633,1.188953097
a11,B,fooof,central,1.414776842,1.337571634
a11,B,fooof,parietal,1.453302016,1.439894952
a11,B,fooof,occipital,1.360540564,1.294280539
a11,C,lmer,frontal,2.822354522,-1.333339207
a11,C,lmer,central,3.222700871,-1.412591083
a11,C,lmer,parietal,3.622220241,-1.583860464
a11,C,lmer,occipital,3.341888993,-1.490183906
a11,C,fooof,frontal,1.212666758,1.315268564
a11,C,fooof,central,1.277964105,1.311173106
a11,C,fooof,parietal,1.500973374,1.588431071
a11,C,fooof,occipital,1.459816302,1.617699425
a12,A,lmer,frontal,2.052945382,-1.120550532
a12,A,lmer,central,3.384998027,-1.466306525
a12,A,lmer,parietal,3.58132197,-1.544278646
a12,A,lmer,occipital,3.371165118,-1.47243575
a12,A,fooof,frontal,0.776087423,1.054502076
a12,A,fooof,central,1.400063177,1.493091731
a12,A,fooof,parietal,1.445582051,1.529833603
a12,A,fooof,occipital,1.446661452,1.575626561
a12,B,lmer,frontal,1.964866562,-1.013341545
a12,B,lmer,central,3.701640437,-1.604450029
a12,B,lmer,parietal,3.711224394,-1.648807523
a12,B,lmer,occipital,3.348515996,-1.496987931
a12,B,fooof,frontal,0.697683993,0.880226559
a12,B,fooof,central,1.572170334,1.60505687
a12,B,fooof,parietal,1.607306294,1.676193401
a12,B,fooof,occipital,1.478342023,1.549547282
a12,C,lmer,frontal,1.963617726,-1.0236768
a12,C,lmer,central,3.298086844,-1.450363298
a12,C,lmer,parietal,3.411798327,-1.472371023
a12,C,lmer,occipital,3.277199698,-1.417443923
a12,C,fooof,frontal,0.728582179,0.933207953
a12,C,fooof,central,1.323706242,1.404339927
a12,C,fooof,parietal,1.400437443,1.537446564
a12,C,fooof,occipital,1.41730576,1.578321097
a13,A,lmer,frontal,2.908865136,-1.482811347
a13,A,lmer,central,3.759004835,-1.620163915
a13,A,lmer,parietal,4.284518465,-1.747616951
a13,A,lmer,occipital,4.342183747,-1.618759237
a13,A,fooof,frontal,1.087545779,1.397461524
a13,A,fooof,central,1.36143774,1.496803954
a13,A,fooof,parietal,1.603950334,1.673995187
a13,A,fooof,occipital,1.659063415,1.58000707
a13,B,lmer,frontal,2.760792762,-1.284961675
a13,B,lmer,central,3.339663131,-1.373691623
a13,B,lmer,parietal,3.345094208,-1.371190108
a13,B,lmer,occipital,3.427585333,-1.379869539
a13,B,fooof,frontal,1.202338882,1.291306937
a13,B,fooof,central,1.386872548,1.347530769
a13,B,fooof,parietal,1.333560447,1.288886976
a13,B,fooof,occipital,1.432324733,1.358610774
a13,C,lmer,frontal,3.343775669,-1.507973233
a13,C,lmer,central,4.402342562,-1.751386034
a13,C,lmer,parietal,5.236435191,-1.993347255
a13,C,lmer,occipital,5.321801649,-1.855475298
a13,C,fooof,frontal,1.262283287,1.426177978
a13,C,fooof,central,1.610722496,1.614521059
a13,C,fooof,parietal,1.991913165,1.913076945
a13,C,fooof,occipital,2.088606201,1.837260951
a14,A,lmer,frontal,1.259017068,-0.796809884
a14,A,lmer,central,2.463701131,-0.996413933
a14,A,lmer,parietal,2.37786092,-0.884224784
a14,A,lmer,occipital,2.037885212,-0.742412961
a14,A,fooof,frontal,0.570237745,0.869304303
a14,A,fooof,central,1.115654332,1.11564333
a14,A,fooof,parietal,0.905853782,0.862010167
a14,A,fooof,occipital,0.829898255,0.837571304
a14,B,lmer,frontal,2.365564857,-1.29251476
a14,B,lmer,central,3.524003092,-1.471389812
a14,B,lmer,parietal,3.316577603,-1.376451828
a14,B,lmer,occipital,2.73255542,-1.157649042
a14,B,fooof,frontal,0.974300156,1.278182487
a14,B,fooof,central,1.472364717,1.454016897
a14,B,fooof,parietal,1.416587912,1.416017286
a14,B,fooof,occipital,1.192738849,1.240735839
a14,C,lmer,frontal,1.766020115,-0.871891581
a14,C,lmer,central,2.608574417,-1.013711457
a14,C,lmer,parietal,2.496586037,-0.900831137
a14,C,lmer,occipital,2.133830759,-0.786763187
a14,C,fooof,frontal,0.814158993,0.957059004
a14,C,fooof,central,1.200912481,1.188443523
a14,C,fooof,parietal,1.105428118,1.090150932
a14,C,fooof,occipital,0.888537551,0.951778609
a15,A,lmer,frontal,3.729844982,-1.895670245
a15,A,lmer,central,4.00932879,-1.913816612
a15,A,lmer,parietal,3.835580019,-1.799121899
a15,A,lmer,occipital,3.376770579,-1.560482382
a15,A,fooof,frontal,1.563044164,1.874692247
a15,A,fooof,central,1.83102214,2.070931319
a15,A,fooof,parietal,1.666832678,1.850669852
a15,A,fooof,occipital,1.507129715,1.641870809
a15,B,lmer,frontal,3.158971049,-1.625795376
a15,B,lmer,central,3.418865512,-1.658296811
a15,B,lmer,parietal,3.27338354,-1.62108269
a15,B,lmer,occipital,2.877465004,-1.437639673
a15,B,fooof,frontal,1.404404331,1.683673681
a15,B,fooof,central,1.486587335,1.716708586
a15,B,fooof,parietal,1.384196821,1.634678458
a15,B,fooof,occipital,1.228477114,1.455261764
a15,C,lmer,frontal,3.872595518,-1.255307652
a15,C,lmer,central,3.456955243,-1.436236864
a15,C,lmer,parietal,3.321927923,-1.432125989
a15,C,lmer,occipital,3.336520147,-1.337965291
a15,C,fooof,frontal,1.702929969,1.320497609
a15,C,fooof,central,1.521350689,1.527927303
a15,C,fooof,parietal,1.374497698,1.431975703
a15,C,fooof,occipital,1.445807837,1.408790784
a16,A,lmer,frontal,2.31036304,-1.461057067
a16,A,lmer,central,3.115442504,-1.52282764
a16,A,lmer,parietal,3.168765324,-1.520815996
a16,A,lmer,occipital,3.09504276,-1.307165125
a16,A,fooof,frontal,0.959110661,1.430074596
a16,A,fooof,central,1.266365136,1.462002032
a16,A,fooof,parietal,1.323392421,1.511267812
a16,A,fooof,occipital,1.30961002,1.357350992
a16,B,lmer,frontal,2.708056777,-1.521028332
a16,B,lmer,central,4.232421332,-1.886724168
a16,B,lmer,parietal,3.873055726,-1.772419759
a16,B,lmer,occipital,3.360753284,-1.447841679
a16,B,fooof,frontal,1.071548542,1.442543763
a16,B,fooof,central,1.690614387,1.796373627
a16,B,fooof,parietal,1.63267128,1.764172236
a16,B,fooof,occipital,1.477505226,1.519816907
a16,C,lmer,frontal,2.758319946,-1.517247825
a16,C,lmer,central,3.392190371,-1.526007743
a16,C,lmer,parietal,3.343722204,-1.543156954
a16,C,lmer,occipital,3.118097629,-1.403129975
a16,C,fooof,frontal,1.201391151,1.52015808
a16,C,fooof,central,1.323149979,1.505431873
a16,C,fooof,parietal,1.473733435,1.623090122
a16,C,fooof,occipital,1.35774306,1.473238796
a17,A,lmer,frontal,3.246266486,-1.760543776
a17,A,lmer,central,3.606311764,-1.765620164
a17,A,lmer,parietal,3.468437543,-1.705767934
a17,A,lmer,occipital,3.075632936,-1.603600698
a17,A,fooof,frontal,1.19532055,1.617230496
a17,A,fooof,central,1.385098488,1.694057612
a17,A,fooof,parietal,1.423260247,1.732399788
a17,A,fooof,occipital,1.387817382,1.733372723
a17,B,lmer,frontal,3.794831982,-1.757824878
a17,B,lmer,central,4.067917183,-1.798748456
a17,B,lmer,parietal,3.765482222,-1.69693134
a17,B,lmer,occipital,3.222089172,-1.526884057
a17,B,fooof,frontal,1.542763651,1.680882453
a17,B,fooof,central,1.550979016,1.652858009
a17,B,fooof,parietal,1.559961362,1.679284304
a17,B,fooof,occipital,1.361302516,1.53316761
a17,C,lmer,frontal,3.587513788,-1.846248668
a17,C,lmer,central,3.861246195,-1.835919219
a17,C,lmer,parietal,3.698336892,-1.74456075
a17,C,lmer,occipital,3.241093196,-1.632390207
a17,C,fooof,frontal,1.187191508,1.579483028
a17,C,fooof,central,1.393707721,1.64483928
a17,C,fooof,parietal,1.506984261,1.775018692
a17,C,fooof,occipital,1.455555345,1.778969907
a18,A,lmer,frontal,3.384052042,-1.713934196
a18,A,lmer,central,4.278381077,-1.816666949
a18,A,lmer,parietal,4.78437243,-2.026354064
a18,A,lmer,occipital,4.584405389,-1.801208905
a18,A,fooof,frontal,1.278171719,1.602256212
a18,A,fooof,central,1.643221777,1.728241958
a18,A,fooof,parietal,1.725509065,1.893415234
a18,A,fooof,occipital,1.718219095,1.719918208
a18,B,lmer,frontal,3.136791405,-1.532466385
a18,B,lmer,central,4.134885765,-1.809374205
a18,B,lmer,parietal,4.138289061,-1.847541898
a18,B,lmer,occipital,3.841236422,-1.648624658
a18,B,fooof,frontal,1.320991768,1.515897513
a18,B,fooof,central,1.744350347,1.799666712
a18,B,fooof,parietal,1.770747796,1.867801086
a18,B,fooof,occipital,1.666722059,1.717656356
a18,C,lmer,frontal,3.424689758,-1.54331906
a18,C,lmer,central,4.46721566,-1.818581897
a18,C,lmer,parietal,4.9591512,-1.983601442
a18,C,lmer,occipital,4.901526538,-1.833381847
a18,C,fooof,frontal,1.236827647,1.399119179
a18,C,fooof,central,1.60987085,1.651641242
a18,C,fooof,parietal,1.817092771,1.887377589
a18,C,fooof,occipital,1.877294464,1.771684724
a19,A,lmer,frontal,3.370637042,-1.740666037
a19,A,lmer,central,4.456208915,-2.077369764
a19,A,lmer,parietal,4.502939935,-2.044927579
a19,A,lmer,occipital,4.593464929,-2.036328576
a19,A,fooof,frontal,1.365886129,1.700946105
a19,A,fooof,central,1.824956151,2.110228374
a19,A,fooof,parietal,1.769289554,2.031912447
a19,A,fooof,occipital,1.812081258,2.034642041
a19,B,lmer,frontal,3.876754639,-1.889119856
a19,B,lmer,central,4.728888526,-2.113534631
a19,B,lmer,parietal,4.59893294,-2.031019361
a19,B,lmer,occipital,4.401399645,-1.936339708
a19,B,fooof,frontal,1.585189132,1.829987916
a19,B,fooof,central,1.915056238,2.07391538
a19,B,fooof,parietal,1.969052209,2.074633568
a19,B,fooof,occipital,1.881540777,1.974355051
a19,C,lmer,frontal,3.878086731,-1.689665589
a19,C,lmer,central,4.516552631,-2.00513624
a19,C,lmer,parietal,4.406787535,-2.000694559
a19,C,lmer,occipital,4.636549238,-2.02077217
a19,C,fooof,frontal,1.591263282,1.665931344
a19,C,fooof,central,1.772701992,1.925605498
a19,C,fooof,parietal,1.70533402,1.947141101
a19,C,fooof,occipital,1.838818652,2.002272934
a20,A,lmer,frontal,3.463952063,-1.501488449
a20,A,lmer,central,4.199587792,-1.760366623
a20,A,lmer,parietal,4.245157974,-1.780500137
a20,A,lmer,occipital,4.292765238,-1.691739987
a20,A,fooof,frontal,1.339977547,1.432365024
a20,A,fooof,central,1.641460254,1.703847493
a20,A,fooof,parietal,1.631518901,1.728623186
a20,A,fooof,occipital,1.662792407,1.680537224
a20,B,lmer,frontal,2.616075671,-1.113308701
a20,B,lmer,central,3.898322972,-1.674618863
a20,B,lmer,parietal,3.925308657,-1.736095049
a20,B,lmer,occipital,3.535497469,-1.565062685
a20,B,fooof,frontal,0.972290612,0.980814553
a20,B,fooof,central,1.599357351,1.634692412
a20,B,fooof,parietal,1.596811967,1.705215814
a20,B,fooof,occipital,1.451605623,1.572822843
a20,C,lmer,frontal,4.000595007,-1.157856242
a20,C,lmer,central,3.926435661,-1.585688839
a20,C,lmer,parietal,4.264363509,-1.757314723
a20,C,lmer,occipital,4.637246252,-1.839573331
a20,C,fooof,frontal,1.706840758,1.187469291
a20,C,fooof,central,1.545417583,1.544611349
a20,C,fooof,parietal,1.545947542,1.64041383
a20,C,fooof,occipital,1.779815279,1.811373141
a21,A,lmer,frontal,0.42116974,-0.458375268
a21,A,lmer,central,2.437139009,-1.25895888
a21,A,lmer,parietal,2.612797127,-1.304408341
a21,A,lmer,occipital,2.92383063,-1.310999315
a21,A,fooof,frontal,0.04966222,0.340683355
a21,A,fooof,central,0.928423523,1.191026917
a21,A,fooof,parietal,1.007386914,1.261872381
a21,A,fooof,occipital,1.220247658,1.306512387
a21,B,lmer,frontal,1.41815652,-0.941118214
a21,B,lmer,central,3.219904973,-1.57428209
a21,B,lmer,parietal,3.053362753,-1.498443954
a21,B,lmer,occipital,2.494547183,-1.084391461
a21,B,fooof,frontal,0.531734543,0.886661076
a21,B,fooof,central,1.300749904,1.52326931
a21,B,fooof,parietal,1.244492751,1.453947311
a21,B,fooof,occipital,0.96118016,1.010829934
a21,C,lmer,frontal,1.205627568,-0.727307824
a21,C,lmer,central,2.40757336,-1.277822245
a21,C,lmer,parietal,2.599842985,-1.329660935
a21,C,lmer,occipital,2.763499949,-1.306374486
a21,C,fooof,frontal,0.431765174,0.650435176
a21,C,fooof,central,0.913034476,1.196163661
a21,C,fooof,parietal,0.996600041,1.271522763
a21,C,fooof,occipital,1.141610346,1.289953187
a22,A,lmer,frontal,1.232083266,-1.067100164
a22,A,lmer,central,2.302002489,-1.279446147
a22,A,lmer,parietal,2.723316714,-1.456345802
a22,A,lmer,occipital,2.123929795,-1.079403889
a22,A,fooof,frontal,0.488316405,1.026674548
a22,A,fooof,central,1.101645761,1.44656574
a22,A,fooof,parietal,1.194453738,1.518788308
a22,A,fooof,occipital,0.782523429,1.013848349
a22,B,lmer,frontal,1.37858631,-1.084155889
a22,B,lmer,central,2.998505861,-1.611938294
a22,B,lmer,parietal,3.153222399,-1.657142373
a22,B,lmer,occipital,2.577507735,-1.309864481
a22,B,fooof,frontal,0.570550798,1.077167108
a22,B,fooof,central,1.197859702,1.578571094
a22,B,fooof,parietal,1.301970517,1.646226737
a22,B,fooof,occipital,1.085883277,1.321876935
a22,C,lmer,frontal,1.825510213,-1.176704737
a22,C,lmer,central,2.653346423,-1.408304141
a22,C,lmer,parietal,2.775301588,-1.483775462
a22,C,lmer,occipital,2.025183924,-1.0956028
a22,C,fooof,frontal,1.077295514,1.546165931
a22,C,fooof,central,1.046851133,1.402557919
a22,C,fooof,parietal,1.161868278,1.503523532
a22,C,fooof,occipital,0.773719559,1.03926382
a23,A,lmer,frontal,2.434752464,-1.090415487
a23,A,lmer,central,3.420618687,-1.338853602
a23,A,lmer,parietal,4.051565343,-1.482111285
a23,A,lmer,occipital,3.527928117,-1.367316623
a23,A,fooof,frontal,0.878479331,1.110590478
a23,A,fooof,central,1.185695215,1.232904905
a23,A,fooof,parietal,1.383776997,1.363157754
a23,A,fooof,occipital,1.140674107,1.226934738
a23,B,lmer,frontal,2.683575444,-1.236833756
a23,B,lmer,central,3.470793263,-1.445498544
a23,B,lmer,parietal,3.545153517,-1.467167123
a23,B,lmer,occipital,3.116230864,-1.354526044
a23,B,fooof,frontal,1.135338566,1.29508969
a23,B,fooof,central,1.360473984,1.378785131
a23,B,fooof,parietal,1.347663156,1.390862719
a23,B,fooof,occipital,1.16653466,1.277326779
a23,C,lmer,frontal,2.086797516,-0.923625858
a23,C,lmer,central,3.124407918,-1.201436667
a23,C,lmer,parietal,4.084215661,-1.494605251
a23,C,lmer,occipital,3.773688647,-1.468655561
a23,C,fooof,frontal,0.630872449,0.770798883
a23,C,fooof,central,0.960522962,0.966497754
a23,C,fooof,parietal,1.312479469,1.269354626
a23,C,fooof,occipital,1.192187287,1.260622602
a24,A,lmer,frontal,2.065135156,-1.47595823
a24,A,lmer,central,2.878432343,-1.500776292
a24,A,lmer,parietal,3.018556702,-1.593002464
a24,A,lmer,occipital,2.227380747,-1.380744644
a24,A,fooof,frontal,0.886479775,1.523564686
a24,A,fooof,central,1.141503267,1.477876532
a24,A,fooof,parietal,1.182266949,1.584277052
a24,A,fooof,occipital,0.834029457,1.361975325
a24,B,lmer,frontal,2.34139121,-1.620976508
a24,B,lmer,central,3.297222227,-1.700136448
a24,B,lmer,parietal,3.05659195,-1.652306182
a24,B,lmer,occipital,2.177445082,-1.29296768
a24,B,fooof,frontal,0.848386848,1.519411031
a24,B,fooof,central,1.251397555,1.588879716
a24,B,fooof,parietal,1.264340122,1.641143733
a24,B,fooof,occipital,0.910258837,1.287417044
a24,C,lmer,frontal,2.568211972,-1.604714065
a24,C,lmer,central,2.995692926,-1.593070093
a24,C,lmer,parietal,3.161130582,-1.623730475
a24,C,lmer,occipital,2.544937191,-1.471009634
a24,C,fooof,frontal,1.156017293,1.719740785
a24,C,fooof,central,1.170533128,1.58928473
a24,C,fooof,parietal,1.140750996,1.575880664
a24,C,fooof,occipital,0.908386386,1.437551173
a26,A,lmer,frontal,2.579969567,-1.361641706
a26,A,lmer,central,3.969085992,-1.84100179
a26,A,lmer,parietal,3.941533515,-1.719959219
a26,A,lmer,occipital,3.655172558,-1.598684288
a26,A,fooof,frontal,0.99683354,1.287639661
a26,A,fooof,central,1.51221137,1.738583542
a26,A,fooof,parietal,1.572185751,1.742716796
a26,A,fooof,occipital,1.415613733,1.615355032
a26,B,lmer,frontal,1.398328043,-0.70986227
a26,B,lmer,central,3.730187588,-1.705058957
a26,B,lmer,parietal,3.812769876,-1.77113955
a26,B,lmer,occipital,3.317389525,-1.572193323
a26,B,fooof,frontal,0.663076735,0.791594413
a26,B,fooof,central,1.535923832,1.674148378
a26,B,fooof,parietal,1.57273881,1.741646677
a26,B,fooof,occipital,1.346004274,1.540263169
a26,C,lmer,frontal,3.192859677,-1.002159689
a26,C,lmer,central,3.413903843,-1.415633614
a26,C,lmer,parietal,3.69340979,-1.540097535
a26,C,lmer,occipital,3.733426519,-1.607269375
a26,C,fooof,frontal,1.333371083,0.985706599
a26,C,fooof,central,1.336691364,1.34500003
a26,C,fooof,parietal,1.453251503,1.54641149
a26,C,fooof,occipital,1.447698825,1.629596227
a27,A,lmer,frontal,2.487041234,-0.986689946
a27,A,lmer,central,3.708170148,-1.274984926
a27,A,lmer,parietal,3.927339223,-1.292841699
a27,A,lmer,occipital,3.768927723,-1.356514344
a27,A,fooof,frontal,0.884474736,0.880950174
a27,A,fooof,central,1.39689368,1.270717137
a27,A,fooof,parietal,1.534389857,1.468782789
a27,A,fooof,occipital,1.531646746,1.590838595
a27,B,lmer,frontal,2.994081401,-1.350154977
a27,B,lmer,central,3.90801117,-1.604404984
a27,B,lmer,parietal,3.613187762,-1.526446141
a27,B,lmer,occipital,3.31425668,-1.440258665
a27,B,fooof,frontal,1.270686106,1.344652728
a27,B,fooof,central,1.652528971,1.606922618
a27,B,fooof,parietal,1.566894558,1.608667961
a27,B,fooof,occipital,1.427697712,1.529732805
a27,C,lmer,frontal,2.546565848,-1.043236166
a27,C,lmer,central,3.628667629,-1.23827378
a27,C,lmer,parietal,4.074764475,-1.347680399
a27,C,lmer,occipital,3.734277269,-1.352762035
a27,C,fooof,frontal,0.893718047,0.972237158
a27,C,fooof,central,1.26477151,1.190948038
a27,C,fooof,parietal,1.499963918,1.428509951
a27,C,fooof,occipital,1.404340114,1.467696029
a28,A,lmer,frontal,2.666848309,-1.654040562
a28,A,lmer,central,3.969749359,-1.933890613
a28,A,lmer,parietal,4.123258781,-2.035247016
a28,A,lmer,occipital,3.647167384,-1.835963118
a28,A,fooof,frontal,1.130197653,1.623038744
a28,A,fooof,central,1.365305047,1.669785049
a28,A,fooof,parietal,1.530420477,1.866997698
a28,A,fooof,occipital,1.546817822,1.845013939
a28,B,lmer,frontal,2.713689207,-1.621064925
a28,B,lmer,central,4.652800237,-2.154876287
a28,B,lmer,parietal,4.681081673,-2.189096366
a28,B,lmer,occipital,4.034846544,-1.924851992
a28,B,fooof,frontal,0.882278128,1.401927875
a28,B,fooof,central,1.725106647,1.955618664
a28,B,fooof,parietal,1.802223115,2.052984259
a28,B,fooof,occipital,1.652994396,1.904410048
a28,C,lmer,frontal,3.174818064,-1.840746062
a28,C,lmer,central,4.015004609,-1.995277589
a28,C,lmer,parietal,4.132946373,-2.066454974
a28,C,lmer,occipital,3.585896748,-1.812670559
a28,C,fooof,frontal,1.087504801,1.622016852
a28,C,fooof,central,1.35258786,1.72617277
a28,C,fooof,parietal,1.510381044,1.895482713
a28,C,fooof,occipital,1.514912074,1.839233253
a29,A,lmer,frontal,2.317449212,-0.894692282
a29,A,lmer,central,3.012855352,-1.034999596
a29,A,lmer,parietal,3.041610614,-1.008056989
a29,A,lmer,occipital,2.349282855,-0.748453048
a29,A,fooof,frontal,0.714421083,0.743987693
a29,A,fooof,central,0.963955683,0.8846053
a29,A,fooof,parietal,0.992296843,0.926808027
a29,A,fooof,occipital,0.705187651,0.652783827
a29,B,lmer,frontal,2.739861256,-1.198249342
a29,B,lmer,central,3.424508011,-1.369162716
a29,B,lmer,parietal,2.992881827,-1.189337258
a29,B,lmer,occipital,1.971386283,-0.738201034
a29,B,fooof,frontal,0.992042221,1.084198755
a29,B,fooof,central,1.27437965,1.289384114
a29,B,fooof,parietal,1.142945043,1.176771803
a29,B,fooof,occipital,0.712760526,0.670085415
a29,C,lmer,frontal,2.987061388,-1.087225406
a29,C,lmer,central,3.456066475,-1.049465845
a29,C,lmer,parietal,3.555821482,-1.066704151
a29,C,lmer,occipital,2.73249037,-0.785678433
a29,C,fooof,frontal,0.954902634,0.918025246
a29,C,fooof,central,1.111227368,0.876175103
a29,C,fooof,parietal,1.182215152,0.945404233
a29,C,fooof,occipital,0.872829565,0.657252195
a30,A,lmer,frontal,1.357689741,-0.985618895
a30,A,lmer,central,2.494341624,-1.218748478
a30,A,lmer,parietal,2.733645096,-1.287724693
a30,A,lmer,occipital,2.957848909,-1.355000367
a30,A,fooof,frontal,0.526783664,1.009908509
a30,A,fooof,central,0.9742501,1.204563606
a30,A,fooof,parietal,1.072771205,1.268252158
a30,A,fooof,occipital,1.240506896,1.388579438
a30,B,lmer,frontal,1.713783927,-1.023726312
a30,B,lmer,central,2.904501034,-1.278797073
a30,B,lmer,parietal,2.87164348,-1.30343211
a30,B,lmer,occipital,2.586971139,-1.193946807
a30,B,fooof,frontal,0.720914504,1.033083613
a30,B,fooof,central,1.235769602,1.287449601
a30,B,fooof,parietal,1.219079249,1.299324281
a30,B,fooof,occipital,1.091638429,1.185127459
a30,C,lmer,frontal,2.007000314,-1.121834681
a30,C,lmer,central,2.343999661,-1.043848623
a30,C,lmer,parietal,2.579807351,-1.115266085
a30,C,lmer,occipital,2.550043425,-1.116443481
a30,C,fooof,frontal,0.799162254,1.11034791
a30,C,fooof,central,0.830030253,0.992435191
a30,C,fooof,parietal,0.92262945,1.071006835
a30,C,fooof,occipital,0.955856404,1.106729905
l01,A,lmer,frontal,3.450684947,-1.596027016
l01,A,lmer,central,3.926062635,-1.61551321
l01,A,lmer,parietal,3.904074461,-1.608366603
l01,A,lmer,occipital,3.474612348,-1.371484394
l01,A,fooof,frontal,1.457201562,1.602594973
l01,A,fooof,central,1.664358478,1.674460064
l01,A,fooof,parietal,1.653210677,1.713061845
l01,A,fooof,occipital,1.507862865,1.505839521
l01,B,lmer,frontal,3.366834547,-1.52015838
l01,B,lmer,central,4.157845535,-1.725039757
l01,B,lmer,parietal,4.279358424,-1.820775215
l01,B,lmer,occipital,4.130577437,-1.68263638
l01,B,fooof,frontal,1.346908472,1.446206196
l01,B,fooof,central,1.627012409,1.602921468
l01,B,fooof,parietal,1.782579464,1.823988329
l01,B,fooof,occipital,1.777100511,1.772099857
l01,C,lmer,frontal,3.448656669,-1.526006874
l01,C,lmer,central,3.853568783,-1.616374183
l01,C,lmer,parietal,4.012559062,-1.690873069
l01,C,lmer,occipital,3.630848765,-1.472298261
l01,C,fooof,frontal,1.423995199,1.48711143
l01,C,fooof,central,1.534081132,1.571751843
l01,C,fooof,parietal,1.691744365,1.785336932
l01,C,fooof,occipital,1.54553916,1.611682601
l02,A,lmer,frontal,2.83144679,-1.203855485
l02,A,lmer,central,3.829126262,-1.521838016
l02,A,lmer,parietal,3.52225493,-1.377204668
l02,A,lmer,occipital,3.357441006,-1.228283315
l02,A,fooof,frontal,0.92464453,1.033534521
l02,A,fooof,central,1.400024455,1.470740781
l02,A,fooof,parietal,1.375351572,1.481776929
l02,A,fooof,occipital,1.370601572,1.430388455
l02,B,lmer,frontal,3.666454006,-1.589951882
l02,B,lmer,central,4.424431035,-1.76088424
l02,B,lmer,parietal,4.022706775,-1.61522686
l02,B,lmer,occipital,3.875662407,-1.466427845
l02,B,fooof,frontal,1.379038174,1.476188023
l02,B,fooof,central,1.722225572,1.656958313
l02,B,fooof,parietal,1.667249553,1.639818704
l02,B,fooof,occipital,1.750935565,1.675983373
l02,C,lmer,frontal,3.279767645,-1.304515707
l02,C,lmer,central,4.122109584,-1.565845099
l02,C,lmer,parietal,3.965556738,-1.436735927
l02,C,lmer,occipital,3.661409802,-1.260932161
l02,C,fooof,frontal,1.096007795,1.106393528
l02,C,fooof,central,1.496370423,1.488807828
l02,C,fooof,parietal,1.396263104,1.332856979
l02,C,fooof,occipital,1.287594623,1.268251857
l03,A,lmer,frontal,1.542763186,-0.859490328
l03,A,lmer,central,3.005504106,-1.328434939
l03,A,lmer,parietal,3.171720015,-1.371019185
l03,A,lmer,occipital,3.501378644,-1.350924261
l03,A,fooof,frontal,0.747746455,0.993130305
l03,A,fooof,central,1.32522143,1.41019813
l03,A,fooof,parietal,1.409539843,1.497822462
l03,A,fooof,occipital,1.58717037,1.533648014
l03,B,lmer,frontal,1.949252977,-0.982225669
l03,B,lmer,central,3.470344111,-1.490584699
l03,B,lmer,parietal,3.547191357,-1.552034666
l03,B,lmer,occipital,3.423175189,-1.422517938
l03,B,fooof,frontal,0.890256744,1.058504539
l03,B,fooof,central,1.49682885,1.513048123
l03,B,fooof,parietal,1.53048152,1.573438006
l03,B,fooof,occipital,1.540036195,1.510458074
l03,C,lmer,frontal,3.320158059,-1.298382852
l03,C,lmer,central,3.418983301,-1.451630975
l03,C,lmer,parietal,3.252299257,-1.368575864
l03,C,lmer,occipital,3.195609917,-1.203794112
l03,C,fooof,frontal,1.461863984,1.374484614
l03,C,fooof,central,1.468557195,1.533653615
l03,C,fooof,parietal,1.422043451,1.504607839
l03,C,fooof,occipital,1.192142234,1.185145196
l04,A,lmer,frontal,4.133385296,-1.727964867
l04,A,lmer,central,4.806360294,-1.885545279
l04,A,lmer,parietal,4.601079852,-1.795630938
l04,A,lmer,occipital,4.288439905,-1.557567104
l04,A,fooof,frontal,1.895738028,1.915696345
l04,A,fooof,central,2.186280834,2.107636249
l04,A,fooof,parietal,1.975872436,1.884813154
l04,A,fooof,occipital,1.896772441,1.722275852
l04,B,lmer,frontal,4.071526816,-1.735889355
l04,B,lmer,central,5.088874758,-2.024851731
l04,B,lmer,parietal,4.803121473,-1.958871221
l04,B,lmer,occipital,4.26344484,-1.662528616
l04,B,fooof,frontal,1.693080035,1.719843061
l04,B,fooof,central,2.126424981,2.032939949
l04,B,fooof,parietal,2.126903635,2.05800626
l04,B,fooof,occipital,1.90901605,1.787326873
l04,C,lmer,frontal,4.274645956,-1.633303885
l04,C,lmer,central,4.950017893,-1.914056052
l04,C,lmer,parietal,4.711875291,-1.758520923
l04,C,lmer,occipital,4.222399462,-1.456525692
l04,C,fooof,frontal,1.743435793,1.593907455
l04,C,fooof,central,1.99097249,1.902070674
l04,C,fooof,parietal,1.879335271,1.792287724
l04,C,fooof,occipital,1.720079089,1.521319516
l05,A,lmer,frontal,1.272887187,-0.584136117
l05,A,lmer,central,2.826197704,-1.096184449
l05,A,lmer,parietal,3.514648974,-1.35227615
l05,A,lmer,occipital,3.833363417,-1.399072787
l05,A,fooof,frontal,0.373127006,0.455247709
l05,A,fooof,central,1.151254149,1.162486752
l05,A,fooof,parietal,1.335797254,1.319692065
l05,A,fooof,occipital,1.646341996,1.51281455
l05,B,lmer,frontal,1.878874017,-0.924565453
l05,B,lmer,central,3.505919451,-1.481941959
l05,B,lmer,parietal,3.696654567,-1.589294483
l05,B,lmer,occipital,3.479990705,-1.503229837
l05,B,fooof,frontal,0.779526381,0.920823789
l05,B,fooof,central,1.429546152,1.453948509
l05,B,fooof,parietal,1.543359575,1.614510191
l05,B,fooof,occipital,1.508225584,1.618893852
l05,C,lmer,frontal,2.977807107,-1.131795211
l05,C,lmer,central,3.552250179,-1.240094262
l05,C,lmer,parietal,4.21559544,-1.485182421
l05,C,lmer,occipital,4.811044243,-1.651817045
l05,C,fooof,frontal,1.132309853,1.08081665
l05,C,fooof,central,1.445154063,1.353336479
l05,C,fooof,parietal,1.61403542,1.524605329
l05,C,fooof,occipital,1.78715419,1.60901084
l06,A,lmer,frontal,1.354908799,-1.057057054
l06,A,lmer,central,2.322524465,-1.112849691
l06,A,lmer,parietal,3.651620209,-1.504865071
l06,A,lmer,occipital,3.899902395,-1.58228537
l06,A,fooof,frontal,0.195356126,0.83770991
l06,A,fooof,central,0.49085749,0.821458785
l06,A,fooof,parietal,1.109583638,1.273247286
l06,A,fooof,occipital,1.395074363,1.4744668
l06,B,lmer,frontal,0.164738328,-0.609299236
l06,B,lmer,central,2.112540993,-1.165057681
l06,B,lmer,parietal,2.905638389,-1.403769559
l06,B,lmer,occipital,3.023244669,-1.392949545
l06,B,fooof,frontal,-0.062556039,0.542823007
l06,B,fooof,central,0.70848126,1.098075821
l06,B,fooof,parietal,1.094691261,1.348392389
l06,B,fooof,occipital,1.216289421,1.40901817
l06,C,lmer,frontal,4.03025322,-1.752876794
l06,C,lmer,central,4.611939885,-1.882609876
l06,C,lmer,parietal,4.898936555,-1.953407042
l06,C,lmer,occipital,4.515038259,-1.822223142
l06,C,fooof,frontal,1.357147923,1.534843143
l06,C,fooof,central,1.526593907,1.65570243
l06,C,fooof,parietal,1.667951839,1.764862397
l06,C,fooof,occipital,1.632642001,1.69982866
l07,A,lmer,frontal,2.602898322,-1.522871101
l07,A,lmer,central,3.491986087,-1.647271831
l07,A,lmer,parietal,3.276457717,-1.451912706
l07,A,lmer,occipital,2.578897695,-1.079096817
l07,A,fooof,frontal,1.103909759,1.583349902
l07,A,fooof,central,1.426675669,1.667035589
l07,A,fooof,parietal,1.373563034,1.526609285
l07,A,fooof,occipital,0.99238846,1.014538055
l07,B,lmer,frontal,2.026557542,-1.146047808
l07,B,lmer,central,3.546508565,-1.649510579
l07,B,lmer,parietal,3.233282861,-1.479579552
l07,B,lmer,occipital,2.479467534,-1.100159463
l07,B,fooof,frontal,0.626122269,0.933236523
l07,B,fooof,central,1.411081747,1.573275878
l07,B,fooof,parietal,1.339878227,1.456157209
l07,B,fooof,occipital,1.064308781,1.147018379
l07,C,lmer,frontal,2.642016335,-1.496542457
l07,C,lmer,central,3.384315158,-1.545277388
l07,C,lmer,parietal,3.410100868,-1.426567672
l07,C,lmer,occipital,2.837400256,-1.170576036
l07,C,fooof,frontal,1.006157205,1.423838498
l07,C,fooof,central,1.301803031,1.527091799
l07,C,fooof,parietal,1.341465729,1.473500711
l07,C,fooof,occipital,1.19237235,1.273216083
l08,A,lmer,frontal,2.229992478,-1.147171563
l08,A,lmer,central,3.425905539,-1.465936129
l08,A,lmer,parietal,3.168522679,-1.291318403
l08,A,lmer,occipital,3.066460874,-1.2711536
l08,A,fooof,frontal,0.87503023,1.112413872
l08,A,fooof,central,1.342647836,1.42571259
l08,A,fooof,parietal,1.221451952,1.263207888
l08,A,fooof,occipital,1.219021347,1.279497448
l08,B,lmer,frontal,1.99169768,-0.918671691
l08,B,lmer,central,3.788074525,-1.592603812
l08,B,lmer,parietal,3.587376955,-1.502335423
l08,B,lmer,occipital,3.151339523,-1.316477609
l08,B,fooof,frontal,0.81309224,0.895684445
l08,B,fooof,central,1.540741428,1.573768931
l08,B,fooof,parietal,1.467037384,1.525837816
l08,B,fooof,occipital,1.336365901,1.405542601
l08,C,lmer,frontal,2.720290821,-1.109525099
l08,C,lmer,central,3.343112442,-1.282810835
l08,C,lmer,parietal,3.349356056,-1.224852719
l08,C,lmer,occipital,2.956593937,-1.059000325
l08,C,fooof,frontal,1.041744579,1.050341886
l08,C,fooof,central,1.329397242,1.3207253
l08,C,fooof,parietal,1.216215726,1.160132335
l08,C,fooof,occipital,1.078308875,1.006731038
l09,A,lmer,frontal,3.202869861,-1.749304263
l09,A,lmer,central,3.729020245,-1.691421826
l09,A,lmer,parietal,4.137512875,-1.72359915
l09,A,lmer,occipital,3.96707772,-1.56530174
l09,A,fooof,frontal,1.230780717,1.672604169
l09,A,fooof,central,1.598234657,1.740474447
l09,A,fooof,parietal,1.744472277,1.745160798
l09,A,fooof,occipital,1.705935307,1.578935715
l09,B,lmer,frontal,2.653587703,-1.441138742
l09,B,lmer,central,3.646367323,-1.611910293
l09,B,lmer,parietal,3.887895019,-1.659833436
l09,B,lmer,occipital,3.484216705,-1.399234701
l09,B,fooof,frontal,1.132640798,1.465029528
l09,B,fooof,central,1.560981107,1.649273853
l09,B,fooof,parietal,1.673807893,1.711733245
l09,B,fooof,occipital,1.534493161,1.456985433
l09,C,lmer,frontal,3.507162327,-1.594938675
l09,C,lmer,central,3.864612881,-1.611466621
l09,C,lmer,parietal,4.463633005,-1.764968428
l09,C,lmer,occipital,4.423075897,-1.705747564
l09,C,fooof,frontal,1.596390164,1.716566222
l09,C,fooof,central,1.571230176,1.609459124
l09,C,fooof,parietal,1.798702993,1.761635558
l09,C,fooof,occipital,1.622402867,1.560037979
l10,A,lmer,frontal,1.645522847,-1.104533779
l10,A,lmer,central,3.839042022,-1.684469261
l10,A,lmer,parietal,3.916912914,-1.650621797
l10,A,lmer,occipital,3.561225895,-1.403622942
l10,A,fooof,frontal,0.660838286,1.051635348
l10,A,fooof,central,1.521589535,1.575791293
l10,A,fooof,parietal,1.648115186,1.656658763
l10,A,fooof,occipital,1.69632539,1.59896205
l10,B,lmer,frontal,1.544989814,-0.98728134
l10,B,lmer,central,3.935953631,-1.65245768
l10,B,lmer,parietal,3.960286383,-1.652614457
l10,B,lmer,occipital,3.667879595,-1.44777918
l10,B,fooof,frontal,0.67640111,1.008783685
l10,B,fooof,central,1.648733916,1.613092257
l10,B,fooof,parietal,1.675986621,1.625440604
l10,B,fooof,occipital,1.755058274,1.579241491
l10,C,lmer,frontal,1.608358196,-1.067916752
l10,C,lmer,central,3.72366498,-1.630675397
l10,C,lmer,parietal,3.952729925,-1.653799675
l10,C,lmer,occipital,3.448604854,-1.335412601
l10,C,fooof,frontal,0.635118456,1.004223656
l10,C,fooof,central,1.433123999,1.4991325
l10,C,fooof,parietal,1.661031416,1.676331253
l10,C,fooof,occipital,1.427550754,1.394471375
l11,A,lmer,frontal,3.144876377,-1.10858477
l11,A,lmer,central,4.121476561,-1.500983906
l11,A,lmer,parietal,4.474626027,-1.629040906
l11,A,lmer,occipital,4.748940928,-1.72433307
l11,A,fooof,frontal,1.253424766,1.142282989
l11,A,fooof,central,1.428438902,1.33947975
l11,A,fooof,parietal,1.553561359,1.461762775
l11,A,fooof,occipital,2.011292696,1.797107077
l11,B,lmer,frontal,3.421743573,-1.394799709
l11,B,lmer,central,4.102961043,-1.65727048
l11,B,lmer,parietal,3.862300353,-1.557941984
l11,B,lmer,occipital,3.803069229,-1.483928672
l11,B,fooof,frontal,1.532776768,1.516038988
l11,B,fooof,central,1.750968908,1.694001459
l11,B,fooof,parietal,1.648939966,1.606292566
l11,B,fooof,occipital,1.875566952,1.736838554
l11,C,lmer,frontal,2.810409729,-1.04568264
l11,C,lmer,central,4.154893487,-1.428660949
l11,C,lmer,parietal,4.764293267,-1.660895282
l11,C,lmer,occipital,5.101889196,-1.786478635
l11,C,fooof,frontal,1.055842431,1.048439623
l11,C,fooof,central,1.383908659,1.251246497
l11,C,fooof,parietal,1.692781149,1.533522323
l11,C,fooof,occipital,2.01974727,1.782496976
l12,A,lmer,frontal,0.718827724,-0.868104021
l12,A,lmer,central,2.240980115,-1.158477748
l12,A,lmer,parietal,2.313760034,-1.157045114
l12,A,lmer,occipital,2.065199847,-0.981209521
l12,A,fooof,frontal,0.236494801,0.799011708
l12,A,fooof,central,1.000427033,1.229353781
l12,A,fooof,parietal,1.062647806,1.270506976
l12,A,fooof,occipital,1.084574022,1.152987205
l12,B,lmer,frontal,1.542930283,-1.170962095
l12,B,lmer,central,3.038096863,-1.435204705
l12,B,lmer,parietal,3.063709385,-1.457416752
l12,B,lmer,occipital,2.754101874,-1.287692481
l12,B,fooof,frontal,0.619129596,1.146404169
l12,B,fooof,central,1.276365089,1.417035843
l12,B,fooof,parietal,1.363080628,1.516776222
l12,B,fooof,occipital,1.52658381,1.627814502
l12,C,lmer,frontal,0.574581195,-0.857506309
l12,C,lmer,central,2.2594679,-1.157685374
l12,C,lmer,parietal,2.370296747,-1.183965045
l12,C,lmer,occipital,2.222938853,-1.01101635
l12,C,fooof,frontal,0.167647326,0.782894392
l12,C,fooof,central,1.009535908,1.230318793
l12,C,fooof,parietal,1.08956853,1.357511359
l12,C,fooof,occipital,1.111563107,1.316267039
l13,A,lmer,frontal,2.028688656,-1.054696401
l13,A,lmer,central,2.867517301,-1.215767288
l13,A,lmer,parietal,2.487404459,-1.075033157
l13,A,lmer,occipital,2.724603538,-1.055557069
l13,A,fooof,frontal,0.893737219,1.140690371
l13,A,fooof,central,1.161984908,1.180716858
l13,A,fooof,parietal,0.920048087,1.085816857
l13,A,fooof,occipital,1.288709949,1.209317572
l13,B,lmer,frontal,2.515397551,-1.237008504
l13,B,lmer,central,3.451798035,-1.444553797
l13,B,lmer,parietal,2.905327815,-1.221391463
l13,B,lmer,occipital,3.070934468,-1.172985666
l13,B,fooof,frontal,1.129539836,1.317662293
l13,B,fooof,central,1.533223366,1.526956815
l13,B,fooof,parietal,1.162370111,1.255520614
l13,B,fooof,occipital,1.639175337,1.50298855
l13,C,lmer,frontal,1.506296534,-0.977016495
l13,C,lmer,central,2.561681042,-1.121340123
l13,C,lmer,parietal,2.468227573,-1.043629019
l13,C,lmer,occipital,2.553155162,-1.000611979
l13,C,fooof,frontal,0.666127898,1.063606407
l13,C,fooof,central,1.12244144,1.233066525
l13,C,fooof,parietal,0.91424172,0.993947897
l13,C,fooof,occipital,1.112916862,1.169265429
l14,A,lmer,frontal,2.1286746,-1.038827445
l14,A,lmer,central,2.290974495,-0.970312024
l14,A,lmer,parietal,2.701610249,-1.158667217
l14,A,lmer,occipital,2.624195012,-1.110061699
l14,A,fooof,frontal,0.825292173,0.962070938
l14,A,fooof,central,0.81782197,0.815701474
l14,A,fooof,parietal,1.037349782,1.066616682
l14,A,fooof,occipital,1.229096193,1.177035845
l14,B,lmer,frontal,1.766558032,-0.85863232
l14,B,lmer,central,1.767009007,-0.685745351
l14,B,lmer,parietal,2.012649423,-0.866504691
l14,B,lmer,occipital,2.016661265,-0.883551385
l14,B,fooof,frontal,0.653325833,0.755131232
l14,B,fooof,central,0.541822195,0.476456639
l14,B,fooof,parietal,0.719960138,0.750114144
l14,B,fooof,occipital,0.96690633,0.950972319
l14,C,lmer,frontal,2.396516344,-0.950933792
l14,C,lmer,central,2.510271351,-0.929863488
l14,C,lmer,parietal,2.815234107,-1.033421501
l14,C,lmer,occipital,2.738052484,-1.021294484
l14,C,fooof,frontal,0.888646069,0.853127526
l14,C,fooof,central,0.822933613,0.74454666
l14,C,fooof,parietal,0.945334828,0.859408333
l14,C,fooof,occipital,0.997594347,0.90668406
l15,A,lmer,frontal,2.168558367,-1.166969108
l15,A,lmer,central,3.900477063,-1.848055672
l15,A,lmer,parietal,3.787287349,-1.745826306
l15,A,lmer,occipital,3.390739516,-1.447107805
l15,A,fooof,frontal,0.908170349,1.131633084
l15,A,fooof,central,1.741641381,1.932794585
l15,A,fooof,parietal,1.702723798,1.823088746
l15,A,fooof,occipital,1.548087847,1.52505347
l15,B,lmer,frontal,1.544998345,-0.875107568
l15,B,lmer,central,3.898861473,-1.665259189
l15,B,lmer,parietal,4.052737416,-1.754320122
l15,B,lmer,occipital,3.866426397,-1.583887764
l15,B,fooof,frontal,0.702682407,0.951359891
l15,B,fooof,central,1.628827466,1.65631938
l15,B,fooof,parietal,1.734516881,1.747608223
l15,B,fooof,occipital,1.848529916,1.726561562
l15,C,lmer,frontal,2.531858003,-1.127077451
l15,C,lmer,central,3.828340459,-1.723742782
l15,C,lmer,parietal,3.939640394,-1.735741984
l15,C,lmer,occipital,3.784847744,-1.55909299
l15,C,fooof,frontal,1.229145747,1.306689685
l15,C,fooof,central,1.568941664,1.668154936
l15,C,fooof,parietal,1.680545999,1.757775388
l15,C,fooof,occipital,1.600599829,1.61362839
l16,A,lmer,frontal,2.514321751,-0.984897979
l16,A,lmer,central,4.624447874,-1.865990959
l16,A,lmer,parietal,4.642715885,-1.960794521
l16,A,lmer,occipital,3.990034334,-1.731555941
l16,A,fooof,frontal,0.77703014,0.773177812
l16,A,fooof,central,1.555984108,1.592899458
l16,A,fooof,parietal,1.796556587,1.891898861
l16,A,fooof,occipital,1.702600747,1.762407919
l16,B,lmer,frontal,3.135716502,-1.365672794
l16,B,lmer,central,5.01794914,-2.088238049
l16,B,lmer,parietal,4.833430325,-2.106529939
l16,B,lmer,occipital,4.167860648,-1.870218264
l16,B,fooof,frontal,1.074811974,1.173293782
l16,B,fooof,central,1.844662014,1.868232004
l16,B,fooof,parietal,1.850508619,1.952858848
l16,B,fooof,occipital,1.845830961,1.927387311
l16,C,lmer,frontal,2.508943072,-1.050945933
l16,C,lmer,central,3.527321846,-1.516579758
l16,C,lmer,parietal,3.463798622,-1.508633406
l16,C,lmer,occipital,3.58433006,-1.573651094
l16,C,fooof,frontal,0.732204097,0.801438411
l16,C,fooof,central,1.037845884,1.186721597
l16,C,fooof,parietal,1.139921817,1.293811873
l16,C,fooof,occipital,1.287014638,1.433203181
l17,A,lmer,frontal,1.953095146,-0.970264243
l17,A,lmer,central,3.135160995,-1.138185142
l17,A,lmer,parietal,3.226249965,-1.256478773
l17,A,lmer,occipital,3.074158369,-1.216438781
l17,A,fooof,frontal,0.931067426,1.092481869
l17,A,fooof,central,1.3041838,1.117958896
l17,A,fooof,parietal,1.348279859,1.254804936
l17,A,fooof,occipital,1.39320991,1.380430212
l17,B,lmer,frontal,2.620890031,-1.267472959
l17,B,lmer,central,3.880411405,-1.464249654
l17,B,lmer,parietal,3.806057019,-1.4906653
l17,B,lmer,occipital,3.334775888,-1.321278154
l17,B,fooof,frontal,1.146754317,1.299059455
l17,B,fooof,central,1.640219159,1.458516981
l17,B,fooof,parietal,1.585442262,1.492170426
l17,B,fooof,occipital,1.441520811,1.412379542
l17,C,lmer,frontal,2.266202142,-1.002459678
l17,C,lmer,central,2.951741709,-1.037329021
l17,C,lmer,parietal,2.944552945,-1.100190373
l17,C,lmer,occipital,2.985488734,-1.124612427
l17,C,fooof,frontal,1.007692463,1.093262998
l17,C,fooof,central,1.304518719,1.139355733
l17,C,fooof,parietal,1.267801936,1.202332066
l17,C,fooof,occipital,1.180530507,1.20405093
l18,A,lmer,frontal,2.194760172,-1.033510156
l18,A,lmer,central,3.634781496,-1.539044739
l18,A,lmer,parietal,3.248747674,-1.392221231
l18,A,lmer,occipital,2.98356911,-1.188978569
l18,A,fooof,frontal,0.938378351,1.018408888
l18,A,fooof,central,1.569240958,1.601236711
l18,A,fooof,parietal,1.450582553,1.533223763
l18,A,fooof,occipital,1.411667264,1.36947183
l18,B,lmer,frontal,3.056265443,-1.316716558
l18,B,lmer,central,3.919587127,-1.514254731
l18,B,lmer,parietal,3.550577754,-1.410233916
l18,B,lmer,occipital,3.161830431,-1.200301654
l18,B,fooof,frontal,1.347452157,1.36895384
l18,B,fooof,central,1.69313453,1.552014433
l18,B,fooof,parietal,1.57072338,1.490227817
l18,B,fooof,occipital,1.425601539,1.30736124
l18,C,lmer,frontal,3.597760937,-1.632971847
l18,C,lmer,central,3.810399728,-1.531265748
l18,C,lmer,parietal,3.237261514,-1.262244675
l18,C,lmer,occipital,3.082374277,-1.144969548
l18,C,fooof,frontal,1.526988927,1.706804022
l18,C,fooof,central,1.630239153,1.672288645
l18,C,fooof,parietal,1.462059507,1.522346198
l18,C,fooof,occipital,1.378991787,1.350230584
l19,A,lmer,frontal,1.607881588,-1.054999729
l19,A,lmer,central,3.103714916,-1.463163171
l19,A,lmer,parietal,3.127690727,-1.418873703
l19,A,lmer,occipital,3.077631027,-1.309805329
l19,A,fooof,frontal,0.632980132,0.989009688
l19,A,fooof,central,1.218459915,1.401430672
l19,A,fooof,parietal,1.293236373,1.447095723
l19,A,fooof,occipital,1.332633531,1.416932573
l19,B,lmer,frontal,2.371392469,-1.31747449
l19,B,lmer,central,4.106906733,-1.81300966
l19,B,lmer,parietal,3.949918737,-1.755521731
l19,B,lmer,occipital,3.418451265,-1.411914959
l19,B,fooof,frontal,0.930442876,1.2618834
l19,B,fooof,central,1.677394014,1.760041059
l19,B,fooof,parietal,1.713613718,1.811581019
l19,B,fooof,occipital,1.459669376,1.476660123
l19,C,lmer,frontal,2.614819739,-1.25464194
l19,C,lmer,central,3.268440281,-1.444819599
l19,C,lmer,parietal,3.413210752,-1.429424674
l19,C,lmer,occipital,3.335533041,-1.317157274
l19,C,fooof,frontal,1.180110747,1.343143935
l19,C,fooof,central,1.425550828,1.519057892
l19,C,fooof,parietal,1.492237274,1.588172161
l19,C,fooof,occipital,1.462637791,1.517255639
l20,A,lmer,frontal,0.822242945,-0.952108092
l20,A,lmer,central,1.74569085,-1.054286964
l20,A,lmer,parietal,1.974385973,-1.025378874
l20,A,lmer,occipital,2.13454028,-1.014773325
l20,A,fooof,frontal,0.352710561,0.981729759
l20,A,fooof,central,0.61300319,0.943914126
l20,A,fooof,parietal,0.818327266,1.092011487
l20,A,fooof,occipital,1.020920798,1.245175814
l20,B,lmer,frontal,1.309725823,-1.097688346
l20,B,lmer,central,2.019260799,-1.104003666
l20,B,lmer,parietal,1.891298712,-1.000048476
l20,B,lmer,occipital,1.86289462,-0.834670492
l20,B,fooof,frontal,0.499426047,1.077766712
l20,B,fooof,central,0.685008052,0.971442016
l20,B,fooof,parietal,0.728698373,0.96230022
l20,B,fooof,occipital,0.753450844,0.829338296
l20,C,lmer,frontal,1.628525782,-1.173996374
l20,C,lmer,central,2.548649836,-1.25104116
l20,C,lmer,parietal,2.602160503,-1.171205131
l20,C,lmer,occipital,2.584630935,-1.173717047
l20,C,fooof,frontal,0.644001013,1.136606898
l20,C,fooof,central,1.00959859,1.202731597
l20,C,fooof,parietal,1.120294645,1.297762786
l20,C,fooof,occipital,1.190331933,1.377292848
l21,A,lmer,frontal,2.413044911,-0.983956221
l21,A,lmer,central,2.667919393,-0.94506425
l21,A,lmer,parietal,3.098135186,-1.174708514
l21,A,lmer,occipital,3.401389168,-1.216516941
l21,A,fooof,frontal,1.01927638,0.974741777
l21,A,fooof,central,1.112856635,0.936028685
l21,A,fooof,parietal,1.250941284,1.185037699
l21,A,fooof,occipital,1.486957309,1.37297502
l21,B,lmer,frontal,3.112275307,-1.303438168
l21,B,lmer,central,3.868291082,-1.512414792
l21,B,lmer,parietal,3.825639681,-1.525846764
l21,B,lmer,occipital,3.730653546,-1.437014079
l21,B,fooof,frontal,1.303382273,1.313426885
l21,B,fooof,central,1.594746167,1.530313204
l21,B,fooof,parietal,1.657964234,1.655354857
l21,B,fooof,occipital,1.671536977,1.633490549
l21,C,lmer,frontal,3.437975788,-1.231073135
l21,C,lmer,central,3.45447987,-1.2961966
l21,C,lmer,parietal,3.322562711,-1.253601072
l21,C,lmer,occipital,3.456718847,-1.205615506
l21,C,fooof,frontal,1.456709247,1.282592688
l21,C,fooof,central,1.414863045,1.336708354
l21,C,fooof,parietal,1.313461073,1.308235879
l21,C,fooof,occipital,1.408649912,1.321249805
l22,A,lmer,frontal,2.910702698,-1.421902519
l22,A,lmer,central,3.724057413,-1.624740639
l22,A,lmer,parietal,4.261042351,-1.803821516
l22,A,lmer,occipital,4.073345263,-1.756668703
l22,A,fooof,frontal,1.10334431,1.349026278
l22,A,fooof,central,1.349760707,1.496911638
l22,A,fooof,parietal,1.512241906,1.665611978
l22,A,fooof,occipital,1.505332564,1.705697579
l22,B,lmer,frontal,3.167213991,-1.59394998
l22,B,lmer,central,4.085440808,-1.823908473
l22,B,lmer,parietal,3.992555268,-1.793251059
l22,B,lmer,occipital,3.646606469,-1.63298169
l22,B,fooof,frontal,1.352373703,1.616370318
l22,B,fooof,central,1.68688543,1.807265186
l22,B,fooof,parietal,1.685989247,1.811243799
l22,B,fooof,occipital,1.560366248,1.676341434
l22,C,lmer,frontal,3.964243128,-1.715634522
l22,C,lmer,central,4.142540461,-1.699303293
l22,C,lmer,parietal,4.662654448,-1.87843974
l22,C,lmer,occipital,4.440617144,-1.782415261
l22,C,fooof,frontal,1.605644603,1.760114358
l22,C,fooof,central,1.594123752,1.708085835
l22,C,fooof,parietal,1.623953708,1.696079391
l22,C,fooof,occipital,1.701512771,1.879577339
l23,A,lmer,frontal,2.731492283,-1.233055723
l23,A,lmer,central,3.137264591,-1.202897789
l23,A,lmer,parietal,3.39543685,-1.318778945
l23,A,lmer,occipital,2.896307783,-1.202674448
l23,A,fooof,frontal,1.140510523,1.272465749
l23,A,fooof,central,1.303700792,1.308428878
l23,A,fooof,parietal,1.32561519,1.33462395
l23,A,fooof,occipital,1.133656404,1.235403217
l23,B,lmer,frontal,2.625101809,-1.277465179
l23,B,lmer,central,3.579552847,-1.453057914
l23,B,lmer,parietal,3.736976782,-1.55997235
l23,B,lmer,occipital,3.053076575,-1.334228848
l23,B,fooof,frontal,1.079365426,1.282971712
l23,B,fooof,central,1.458832009,1.483220092
l23,B,fooof,parietal,1.520922871,1.563342533
l23,B,fooof,occipital,1.20045448,1.316231083
l23,C,lmer,frontal,3.845466579,-1.534146281
l23,C,lmer,central,3.752901435,-1.359285223
l23,C,lmer,parietal,4.029681555,-1.412131579
l23,C,lmer,occipital,3.616093151,-1.210881177
l23,C,fooof,frontal,1.729791354,1.654233002
l23,C,fooof,central,1.539386177,1.382306176
l23,C,fooof,parietal,1.619477258,1.451364026
l23,C,fooof,occipital,1.439709079,1.254742943
l24,A,lmer,frontal,2.779475509,-1.513214562
l24,A,lmer,central,3.144169305,-1.480742828
l24,A,lmer,parietal,2.638644248,-1.524883843
l24,A,lmer,occipital,1.706739437,-1.301446668
l24,A,fooof,frontal,0.996677425,1.416055383
l24,A,fooof,central,1.121899384,1.389370546
l24,A,fooof,parietal,0.818545768,1.398359425
l24,A,fooof,occipital,0.414547331,1.172347229
l24,B,lmer,frontal,2.352419963,-1.345224084
l24,B,lmer,central,3.117145017,-1.501804959
l24,B,lmer,parietal,2.419666036,-1.514287192
l24,B,lmer,occipital,1.036426628,-1.13794543
l24,B,fooof,frontal,0.96608647,1.346912116
l24,B,fooof,central,1.259904912,1.500179414
l24,B,fooof,parietal,0.867672968,1.44322436
l24,B,fooof,occipital,0.293588027,1.095252182
l24,C,lmer,frontal,3.062797853,-1.480341112
l24,C,lmer,central,3.901897673,-1.673894262
l24,C,lmer,parietal,4.401633102,-1.758567464
l24,C,lmer,occipital,3.979805466,-1.578638783
l24,C,fooof,frontal,1.042707763,1.327138305
l24,C,fooof,central,1.365113155,1.56650772
l24,C,fooof,parietal,1.558826579,1.707527251
l24,C,fooof,occipital,1.441530467,1.545197886
l25,A,lmer,frontal,3.344026324,-1.65227246
l25,A,lmer,central,3.487963517,-1.510055596
l25,A,lmer,parietal,3.341882825,-1.373918819
l25,A,lmer,occipital,3.066910291,-1.350412583
l25,A,fooof,frontal,1.298225713,1.618657854
l25,A,fooof,central,1.285626896,1.45288789
l25,A,fooof,parietal,1.254583315,1.386364031
l25,A,fooof,occipital,1.249042538,1.441296051
l25,B,lmer,frontal,3.386609282,-1.624482761
l25,B,lmer,central,3.823087842,-1.642012067
l25,B,lmer,parietal,3.724830096,-1.595224375
l25,B,lmer,occipital,3.217640919,-1.462936349
l25,B,fooof,frontal,1.309128104,1.546688938
l25,B,fooof,central,1.524596043,1.609313912
l25,B,fooof,parietal,1.540128203,1.641579578
l25,B,fooof,occipital,1.340534161,1.520920632
l25,C,lmer,frontal,3.065500174,-1.354148524
l25,C,lmer,central,3.299919107,-1.377286807
l25,C,lmer,parietal,3.074207263,-1.189681304
l25,C,lmer,occipital,2.63873455,-1.035678618
l25,C,fooof,frontal,1.136835805,1.328748483
l25,C,fooof,central,1.193238932,1.326454967
l25,C,fooof,parietal,1.078017678,1.16044724
l25,C,fooof,occipital,0.928585593,1.060282968
l26,A,lmer,frontal,2.943101564,-1.530066799
l26,A,lmer,central,3.391504488,-1.548162888
l26,A,lmer,parietal,3.237443345,-1.495109841
l26,A,lmer,occipital,2.866352241,-1.32000777
l26,A,fooof,frontal,1.18791497,1.505412811
l26,A,fooof,central,1.407773966,1.554007189
l26,A,fooof,parietal,1.338704806,1.562457984
l26,A,fooof,occipital,1.305886723,1.519243397
l26,B,lmer,frontal,3.764643804,-1.681919667
l26,B,lmer,central,4.099748079,-1.730465644
l26,B,lmer,parietal,3.878618633,-1.663742653
l26,B,lmer,occipital,3.339464822,-1.412402276
l26,B,fooof,frontal,1.596428844,1.682699068
l26,B,fooof,central,1.663491903,1.682818447
l26,B,fooof,parietal,1.628080463,1.671764029
l26,B,fooof,occipital,1.46444988,1.491668057
l26,C,lmer,frontal,2.646891532,-1.399663429
l26,C,lmer,central,3.278106014,-1.503594269
l26,C,lmer,parietal,3.130004532,-1.439635312
l26,C,lmer,occipital,2.749302689,-1.228695551
l26,C,fooof,frontal,1.005673322,1.356136353
l26,C,fooof,central,1.2646137,1.519652343
l26,C,fooof,parietal,1.29226891,1.555050688
l26,C,fooof,occipital,1.239886643,1.468130458
l27,A,lmer,frontal,1.356303228,-0.964509322
l27,A,lmer,central,2.292734757,-1.134612069
l27,A,lmer,parietal,2.407930031,-1.182847055
l27,A,lmer,occipital,2.813078075,-1.379690353
l27,A,fooof,frontal,0.544070563,0.923976046
l27,A,fooof,central,0.957949093,1.157567138
l27,A,fooof,parietal,0.92460178,1.119708946
l27,A,fooof,occipital,1.163673039,1.397481699
l27,B,lmer,frontal,2.177004879,-1.302153281
l27,B,lmer,central,3.326476789,-1.539117453
l27,B,lmer,parietal,3.091445681,-1.456428412
l27,B,lmer,occipital,2.678956516,-1.329883751
l27,B,fooof,frontal,0.857147105,1.258995272
l27,B,fooof,central,1.421920582,1.557930054
l27,B,fooof,parietal,1.326059824,1.489971162
l27,B,fooof,occipital,1.148026711,1.362853122
l27,C,lmer,frontal,1.254473868,-0.855953741
l27,C,lmer,central,2.462540733,-1.150255664
l27,C,lmer,parietal,2.656563408,-1.222532177
l27,C,lmer,occipital,2.773340724,-1.307737441
l27,C,fooof,frontal,0.495695088,0.811036655
l27,C,fooof,central,1.042971607,1.200454682
l27,C,fooof,parietal,0.99442999,1.153469788
l27,C,fooof,occipital,1.117997896,1.32154304
l28,A,lmer,frontal,2.801661024,-1.487688341
l28,A,lmer,central,3.831740562,-1.70834479
l28,A,lmer,parietal,4.23513357,-1.779143712
l28,A,lmer,occipital,4.597407697,-1.857835163
l28,A,fooof,frontal,1.043498165,1.385984054
l28,A,fooof,central,1.464465621,1.601546347
l28,A,fooof,parietal,1.615178486,1.735175911
l28,A,fooof,occipital,1.846910577,1.911533628
l28,B,lmer,frontal,2.191552241,-1.318177564
l28,B,lmer,central,3.900152388,-1.813605268
l28,B,lmer,parietal,3.881690571,-1.784830468
l28,B,lmer,occipital,3.494980497,-1.570071444
l28,B,fooof,frontal,0.84566075,1.243555234
l28,B,fooof,central,1.57013622,1.779117796
l28,B,fooof,parietal,1.600022795,1.781094803
l28,B,fooof,occipital,1.479737332,1.620143614
l28,C,lmer,frontal,1.832912365,-1.075140229
l28,C,lmer,central,3.046575109,-1.409175597
l28,C,lmer,parietal,3.758032334,-1.615707528
l28,C,lmer,occipital,4.202491355,-1.730176282
l28,C,fooof,frontal,0.633348842,0.952077089
l28,C,fooof,central,1.069320999,1.251728783
l28,C,fooof,parietal,1.392102771,1.528823839
l28,C,fooof,occipital,1.721166969,1.814268975
l29,A,lmer,frontal,2.63474998,-1.610208449
l29,A,lmer,central,3.303517662,-1.635361537
l29,A,lmer,parietal,3.310626725,-1.609880622
l29,A,lmer,occipital,3.322731988,-1.495002168
l29,A,fooof,frontal,0.887799653,1.482450034
l29,A,fooof,central,1.127742577,1.481640429
l29,A,fooof,parietal,1.16667271,1.497268773
l29,A,fooof,occipital,1.244350457,1.444066244
l29,B,lmer,frontal,2.6949493,-1.381700969
l29,B,lmer,central,2.992127454,-1.40379983
l29,B,lmer,parietal,3.098066578,-1.453937181
l29,B,lmer,occipital,2.884807563,-1.315726713
l29,B,fooof,frontal,1.107964726,1.346281259
l29,B,fooof,central,1.165142628,1.331378005
l29,B,fooof,parietal,1.213998145,1.392183448
l29,B,fooof,occipital,1.134296843,1.259219121
l29,C,lmer,frontal,2.439307843,-1.45418447
l29,C,lmer,central,2.892654487,-1.484334536
l29,C,lmer,parietal,3.150695702,-1.56163427
l29,C,lmer,occipital,3.264873281,-1.512757821
l29,C,fooof,frontal,0.809465727,1.321096912
l29,C,fooof,central,0.909077839,1.28505804
l29,C,fooof,parietal,1.114350774,1.43586972
l29,C,fooof,occipital,1.28495576,1.473503102
l30,A,lmer,frontal,3.697465019,-1.637821616
l30,A,lmer,central,3.547697774,-1.395017644
l30,A,lmer,parietal,3.476795937,-1.269352733
l30,A,lmer,occipital,3.254071628,-1.192587608
l30,A,fooof,frontal,1.46081069,1.593093801
l30,A,fooof,central,1.311607085,1.289739352
l30,A,fooof,parietal,1.317023617,1.296914851
l30,A,fooof,occipital,1.198165131,1.18409588
l30,B,lmer,frontal,3.952520187,-1.837876188
l30,B,lmer,central,4.092224195,-1.77481731
l30,B,lmer,parietal,3.774008138,-1.708202784
l30,B,lmer,occipital,3.186050371,-1.425705431
l30,B,fooof,frontal,1.769244599,1.90893922
l30,B,fooof,central,1.782689728,1.813994291
l30,B,fooof,parietal,1.599000838,1.704535747
l30,B,fooof,occipital,1.354973187,1.423699309
l30,C,lmer,frontal,3.598831689,-1.387204551
l30,C,lmer,central,3.282781454,-1.460015997
l30,C,lmer,parietal,3.635620019,-1.503341916
l30,C,lmer,occipital,3.350634683,-1.392765747
l30,C,fooof,frontal,1.547716797,1.371489965
l30,C,fooof,central,1.243079905,1.373372841
l30,C,fooof,parietal,1.293242337,1.398249544
l30,C,fooof,occipital,1.222228414,1.318986738
